Date,OEF,EQWL
2010-01-04,39.62,16.08
2010-01-05,39.75,16.11
2010-01-06,39.75,16.07
2010-01-07,39.91,16.08
2010-01-08,40.03,16.14
2010-01-11,40.09,16.22
2010-01-12,39.77,16.07
2010-01-13,40.03,16.24
2010-01-14,40.19,16.27
2010-01-15,39.75,16.11
2010-01-19,40.22,16.32
2010-01-20,39.81,16.19
2010-01-21,38.97,15.88
2010-01-22,38.12,15.57
2010-01-25,38.27,15.66
2010-01-26,38.13,15.66
2010-01-27,38.35,15.64
2010-01-28,37.91,15.52
2010-01-29,37.57,15.32
2010-02-01,38.04,15.52
2010-02-02,38.5,15.72
2010-02-03,38.34,15.64
2010-02-04,37.19,15.22
2010-02-05,37.3,15.19
2010-02-08,36.98,15.11
2010-02-09,37.44,15.28
2010-02-10,37.38,15.25
2010-02-11,37.77,15.38
2010-02-12,37.69,15.36
2010-02-16,38.26,15.59
2010-02-17,38.41,15.69
2010-02-18,38.63,15.81
2010-02-19,38.65,15.83
2010-02-22,38.65,15.81
2010-02-23,38.21,15.65
2010-02-24,38.58,15.78
2010-02-25,38.45,15.77
2010-02-26,38.5,15.78
2010-03-01,38.83,15.95
2010-03-02,38.92,15.98
2010-03-03,38.96,15.96
2010-03-04,39.1,15.98
2010-03-05,39.61,16.27
2010-03-08,39.59,16.29
2010-03-09,39.7,16.28
2010-03-10,39.86,16.37
2010-03-11,40.0,16.44
2010-03-12,40.0,16.45
2010-03-15,40.06,16.43
2010-03-16,40.34,16.56
2010-03-17,40.56,16.66
2010-03-18,40.59,16.72
2010-03-19,40.33,16.63
2010-03-22,40.56,16.74
2010-03-23,40.9,16.77
2010-03-24,40.71,16.74
2010-03-25,40.73,16.76
2010-03-26,40.71,16.74
2010-03-29,40.89,16.84
2010-03-30,40.92,16.87
2010-03-31,40.75,16.77
2010-04-01,41.0,16.9
2010-04-05,41.26,17.03
2010-04-06,41.35,17.01
2010-04-07,41.14,16.88
2010-04-08,41.34,16.98
2010-04-09,41.56,17.09
2010-04-12,41.66,17.13
2010-04-13,41.7,17.16
2010-04-14,42.14,17.32
2010-04-15,42.24,17.42
2010-04-16,41.56,17.16
2010-04-19,41.78,17.17
2010-04-20,42.03,17.33
2010-04-21,41.94,17.28
2010-04-22,41.9,17.33
2010-04-23,42.13,17.46
2010-04-26,41.91,17.45
2010-04-27,41.0,17.12
2010-04-28,41.36,17.07
2010-04-29,41.85,17.37
2010-04-30,41.17,17.07
2010-05-03,41.69,17.31
2010-05-04,40.76,16.87
2010-05-05,40.54,16.71
2010-05-06,39.2,16.24
2010-05-07,38.63,15.87
2010-05-10,40.25,16.59
2010-05-11,40.13,16.61
2010-05-12,40.62,16.85
2010-05-13,40.11,16.63
2010-05-14,39.41,16.22
2010-05-17,39.43,16.32
2010-05-18,38.89,16.1
2010-05-19,38.75,15.99
2010-05-20,37.27,15.52
2010-05-21,37.78,15.61
2010-05-24,37.25,15.59
2010-05-25,37.28,15.49
2010-05-26,36.99,15.47
2010-05-27,38.18,15.86
2010-05-28,37.68,15.86
2010-06-01,37.16,15.78
2010-06-02,38.12,15.66
2010-06-03,38.19,15.91
2010-06-04,36.97,15.36
2010-06-07,36.48,15.22
2010-06-08,36.87,15.19
2010-06-09,36.61,15.27
2010-06-10,37.58,15.71
2010-06-11,37.73,15.65
2010-06-14,37.62,15.75
2010-06-15,38.43,15.88
2010-06-16,38.44,16.0
2010-06-17,38.57,16.06
2010-06-18,38.6,16.09
2010-06-21,38.51,15.98
2010-06-22,38.02,15.85
2010-06-23,37.83,15.76
2010-06-24,37.25,15.61
2010-06-25,37.33,15.48
2010-06-28,37.22,15.55
2010-06-29,36.18,15.0
2010-06-30,35.83,14.88
2010-07-01,35.66,14.86
2010-07-02,35.47,14.81
2010-07-06,35.77,14.84
2010-07-07,36.87,15.18
2010-07-08,37.23,15.37
2010-07-09,37.42,15.54
2010-07-12,37.57,15.53
2010-07-13,38.12,15.83
2010-07-14,38.12,15.77
2010-07-15,38.19,15.77
2010-07-16,37.13,15.48
2010-07-19,37.34,15.49
2010-07-20,37.7,15.64
2010-07-21,37.27,15.42
2010-07-22,38.08,15.78
2010-07-23,38.3,15.94
2010-07-26,38.67,16.06
2010-07-27,38.79,16.06
2010-07-28,38.58,15.94
2010-07-29,38.42,15.83
2010-07-30,38.37,15.87
2010-08-02,39.21,16.15
2010-08-03,39.1,16.11
2010-08-04,39.33,16.15
2010-08-05,39.24,16.17
2010-08-06,39.1,16.11
2010-08-09,39.28,16.24
2010-08-10,39.08,16.21
2010-08-11,38.09,15.74
2010-08-12,37.81,15.63
2010-08-13,37.68,15.56
2010-08-16,37.7,15.5
2010-08-17,38.09,15.85
2010-08-18,38.16,15.81
2010-08-19,37.51,15.58
2010-08-20,37.32,15.46
2010-08-23,37.22,15.4
2010-08-24,36.68,15.17
2010-08-25,36.82,15.15
2010-08-26,36.53,15.15
2010-08-27,37.03,15.27
2010-08-30,36.55,15.09
2010-08-31,36.57,15.06
2010-09-01,37.6,15.5
2010-09-02,37.88,15.6
2010-09-03,38.38,15.9
2010-09-07,37.98,15.71
2010-09-08,38.21,15.79
2010-09-09,38.45,15.91
2010-09-10,38.64,15.98
2010-09-13,39.05,16.12
2010-09-14,38.98,16.2
2010-09-15,39.14,16.24
2010-09-16,39.19,16.2
2010-09-17,39.16,16.28
2010-09-20,39.75,16.5
2010-09-21,39.68,16.47
2010-09-22,39.57,16.35
2010-09-23,39.22,16.22
2010-09-24,39.97,16.5
2010-09-27,39.78,16.56
2010-09-28,39.87,16.5
2010-09-29,39.72,16.48
2010-09-30,39.62,16.44
2010-10-01,39.82,16.52
2010-10-04,39.53,16.34
2010-10-05,40.3,16.72
2010-10-06,40.37,16.66
2010-10-07,40.31,16.63
2010-10-08,40.52,16.78
2010-10-11,40.54,16.8
2010-10-12,40.71,16.77
2010-10-13,40.99,17.0
2010-10-14,40.85,16.9
2010-10-15,40.9,16.97
2010-10-18,41.21,17.0
2010-10-19,40.61,16.76
2010-10-20,41.02,17.05
2010-10-21,41.12,17.06
2010-10-22,41.17,17.09
2010-10-25,41.23,17.19
2010-10-26,41.27,17.16
2010-10-27,41.13,17.08
2010-10-28,41.16,17.16
2010-10-29,41.11,17.12
2010-11-01,41.13,17.11
2010-11-02,41.4,17.25
2010-11-03,41.66,17.31
2010-11-04,42.47,17.67
2010-11-05,42.6,17.76
2010-11-08,42.53,17.73
2010-11-09,42.28,17.53
2010-11-10,42.4,17.64
2010-11-11,42.19,17.61
2010-11-12,41.68,17.36
2010-11-15,41.63,17.43
2010-11-16,41.03,17.14
2010-11-17,40.97,17.17
2010-11-18,41.62,17.43
2010-11-19,41.7,17.45
2010-11-22,41.57,17.42
2010-11-23,40.97,17.2
2010-11-24,41.53,17.4
2010-11-26,41.2,17.49
2010-11-29,41.2,17.31
2010-11-30,40.94,17.25
2010-12-01,41.8,17.57
2010-12-02,42.3,17.74
2010-12-03,42.41,17.74
2010-12-06,42.36,17.76
2010-12-07,42.43,17.74
2010-12-08,42.63,17.74
2010-12-09,42.83,17.76
2010-12-10,43.06,17.93
2010-12-13,43.11,17.97
2010-12-14,43.2,18.04
2010-12-15,43.04,17.98
2010-12-16,43.25,17.99
2010-12-17,43.28,18.01
2010-12-20,43.34,18.03
2010-12-21,43.59,18.11
2010-12-22,43.79,18.15
2010-12-23,43.75,18.11
2010-12-27,43.75,18.1
2010-12-28,43.84,18.16
2010-12-29,43.87,18.19
2010-12-30,43.78,18.1
2010-12-31,43.8,18.09
2011-01-03,44.24,18.23
2011-01-04,44.32,18.23
2011-01-05,44.58,18.29
2011-01-06,44.48,18.31
2011-01-07,44.38,18.27
2011-01-10,44.3,18.29
2011-01-11,44.42,18.28
2011-01-12,44.84,18.36
2011-01-13,44.72,18.32
2011-01-14,45.05,18.39
2011-01-18,45.09,18.48
2011-01-19,44.73,18.33
2011-01-20,44.72,18.39
2011-01-21,44.89,18.41
2011-01-24,45.17,18.51
2011-01-25,45.18,18.51
2011-01-26,45.3,18.53
2011-01-27,45.36,18.55
2011-01-28,44.61,18.2
2011-01-31,44.86,18.29
2011-02-01,45.63,18.56
2011-02-02,45.52,18.47
2011-02-03,45.64,18.56
2011-02-04,45.67,18.56
2011-02-07,45.98,18.7
2011-02-08,46.21,18.78
2011-02-09,46.12,18.8
2011-02-10,46.01,18.81
2011-02-11,46.27,18.91
2011-02-14,46.37,18.94
2011-02-15,46.26,18.88
2011-02-16,46.49,19.0
2011-02-17,46.62,19.07
2011-02-18,46.72,19.08
2011-02-22,45.88,18.77
2011-02-23,45.67,18.57
2011-02-24,45.57,18.51
2011-02-25,45.97,18.76
2011-02-28,46.29,18.88
2011-03-01,45.56,18.69
2011-03-02,45.61,18.72
2011-03-03,46.39,19.03
2011-03-04,45.98,18.88
2011-03-07,45.68,18.66
2011-03-08,46.05,18.95
2011-03-09,46.01,18.85
2011-03-10,45.19,18.53
2011-03-11,45.47,18.63
2011-03-14,45.22,18.38
2011-03-15,44.67,18.28
2011-03-16,43.76,17.9
2011-03-17,44.33,18.12
2011-03-18,44.51,18.24
2011-03-21,45.18,18.53
2011-03-22,45.03,18.41
2011-03-23,45.19,18.53
2011-03-24,45.55,18.7
2011-03-25,45.67,18.83
2011-03-28,45.62,18.74
2011-03-29,45.9,18.67
2011-03-30,46.17,18.98
2011-03-31,46.07,19.07
2011-04-01,46.21,19.04
2011-04-04,46.28,19.05
2011-04-05,46.23,19.05
2011-04-06,46.42,19.1
2011-04-07,46.35,19.04
2011-04-08,46.21,18.97
2011-04-11,46.12,19.06
2011-04-12,45.75,18.89
2011-04-13,45.71,18.93
2011-04-14,45.71,18.92
2011-04-15,45.79,19.02
2011-04-18,45.29,18.81
2011-04-19,45.56,18.86
2011-04-20,46.14,19.14
2011-04-21,46.33,19.33
2011-04-25,46.31,19.32
2011-04-26,46.73,19.47
2011-04-27,47.04,19.63
2011-04-28,47.17,19.62
2011-04-29,47.32,19.69
2011-05-02,47.22,19.71
2011-05-03,47.16,19.58
2011-05-04,46.84,19.47
2011-05-05,46.32,19.38
2011-05-06,46.49,19.46
2011-05-09,46.63,19.54
2011-05-10,46.97,19.66
2011-05-11,46.47,19.46
2011-05-12,46.66,19.63
2011-05-13,46.3,19.45
2011-05-16,46.0,19.45
2011-05-17,46.03,19.3
2011-05-18,46.38,19.54
2011-05-19,46.45,19.55
2011-05-20,46.09,19.47
2011-05-23,45.58,19.09
2011-05-24,45.59,19.17
2011-05-25,45.72,19.17
2011-05-26,45.87,19.26
2011-05-27,46.06,19.3
2011-05-31,46.58,19.44
2011-06-01,45.58,19.21
2011-06-02,45.49,19.06
2011-06-03,45.13,18.82
2011-06-06,44.69,18.77
2011-06-07,44.55,18.78
2011-06-08,44.45,18.55
2011-06-09,44.79,18.78
2011-06-10,44.19,18.52
2011-06-13,44.31,18.4
2011-06-14,44.78,18.7
2011-06-15,44.04,18.41
2011-06-16,44.17,18.32
2011-06-17,44.27,18.45
2011-06-20,44.46,18.58
2011-06-21,45.0,18.79
2011-06-22,44.72,18.69
2011-06-23,44.59,18.6
2011-06-24,44.04,18.44
2011-06-27,44.45,18.56
2011-06-28,44.99,18.69
2011-06-29,45.39,18.87
2011-06-30,45.83,19.08
2011-07-01,46.47,19.34
2011-07-05,46.47,19.29
2011-07-06,46.55,19.34
2011-07-07,47.04,19.49
2011-07-08,46.74,19.35
2011-07-11,45.98,19.03
2011-07-12,45.76,18.96
2011-07-13,45.93,19.03
2011-07-14,45.7,18.93
2011-07-15,45.94,18.93
2011-07-18,45.67,18.76
2011-07-19,46.37,19.04
2011-07-20,46.41,19.02
2011-07-21,47.08,19.22
2011-07-22,47.11,19.21
2011-07-25,46.86,19.05
2011-07-26,46.69,18.95
2011-07-27,45.84,18.66
2011-07-28,45.7,18.56
2011-07-29,45.34,18.45
2011-08-01,45.24,18.39
2011-08-02,44.21,17.96
2011-08-03,44.44,18.0
2011-08-04,42.4,17.36
2011-08-05,42.45,17.26
2011-08-08,39.88,16.31
2011-08-09,41.56,16.78
2011-08-10,39.69,16.34
2011-08-11,41.32,16.53
2011-08-12,41.63,16.98
2011-08-15,42.46,17.15
2011-08-16,42.16,17.21
2011-08-17,42.25,17.24
2011-08-18,40.6,16.61
2011-08-19,39.87,16.42
2011-08-22,39.88,16.4
2011-08-23,41.13,16.72
2011-08-24,41.7,17.12
2011-08-25,41.15,16.95
2011-08-26,41.66,17.06
2011-08-29,42.72,17.49
2011-08-30,42.78,17.6
2011-08-31,42.92,17.64
2011-09-01,42.52,17.72
2011-09-02,41.49,17.03
2011-09-06,41.16,16.78
2011-09-07,42.24,17.3
2011-09-08,41.83,17.38
2011-09-09,40.79,16.7
2011-09-12,41.05,16.55
2011-09-13,41.33,17.04
2011-09-14,41.9,17.36
2011-09-15,42.64,17.54
2011-09-16,42.88,17.69
2011-09-19,42.5,17.42
2011-09-20,42.46,17.8
2011-09-21,41.27,17.21
2011-09-22,40.02,16.49
2011-09-23,40.22,16.58
2011-09-26,41.19,16.83
2011-09-27,41.63,17.19
2011-09-28,40.88,17.24
2011-09-29,41.27,16.95
2011-09-30,40.35,16.89
2011-10-03,39.3,16.46
2011-10-04,40.03,16.15
2011-10-05,40.72,16.74
2011-10-06,41.41,17.13
2011-10-07,41.21,17.16
2011-10-10,42.51,17.49
2011-10-11,42.58,17.53
2011-10-12,42.96,17.82
2011-10-13,42.83,17.62
2011-10-14,43.59,17.84
2011-10-17,42.79,17.6
2011-10-18,43.56,17.58
2011-10-19,43.05,17.67
2011-10-20,43.23,17.77
2011-10-21,43.92,18.05
2011-10-24,44.38,18.19
2011-10-25,43.6,17.95
2011-10-26,43.99,18.05
2011-10-27,45.4,18.64
2011-10-28,45.4,18.61
2011-10-31,44.29,18.4
2011-11-01,43.12,17.78
2011-11-02,43.73,17.99
2011-11-03,44.54,18.25
2011-11-04,44.21,18.1
2011-11-07,44.52,18.15
2011-11-08,45.1,18.45
2011-11-09,43.56,18.11
2011-11-10,43.92,18.05
2011-11-11,44.73,18.34
2011-11-14,44.33,18.19
2011-11-15,44.54,18.32
2011-11-16,43.85,18.13
2011-11-17,43.25,17.75
2011-11-18,43.2,17.83
2011-11-21,42.34,17.55
2011-11-22,42.19,17.43
2011-11-23,41.33,17.16
2011-11-25,41.22,17.24
2011-11-28,42.37,17.47
2011-11-29,42.53,17.55
2011-11-30,44.3,18.12
2011-12-01,44.28,18.25
2011-12-02,44.29,18.29
2011-12-05,44.78,18.56
2011-12-06,44.84,18.46
2011-12-07,45.04,18.67
2011-12-08,44.14,18.26
2011-12-09,44.82,18.42
2011-12-12,44.19,18.18
2011-12-13,43.95,17.98
2011-12-14,43.44,17.92
2011-12-15,43.57,18.01
2011-12-16,43.66,17.98
2011-12-19,43.21,17.91
2011-12-20,44.44,18.26
2011-12-21,44.53,18.23
2011-12-22,44.9,18.45
2011-12-23,45.32,18.65
2011-12-27,45.31,18.63
2011-12-28,44.8,18.72
2011-12-29,45.25,18.78
2011-12-30,45.02,18.63
2012-01-03,45.84,18.91
2012-01-04,45.92,18.75
2012-01-05,46.01,18.95
2012-01-06,45.89,18.88
2012-01-09,45.98,18.91
2012-01-10,46.31,19.07
2012-01-11,46.33,19.07
2012-01-12,46.4,19.17
2012-01-13,46.22,19.05
2012-01-17,46.34,19.19
2012-01-18,46.83,19.23
2012-01-19,47.03,19.31
2012-01-20,47.12,19.33
2012-01-23,47.13,19.32
2012-01-24,46.98,19.29
2012-01-25,47.4,19.42
2012-01-26,47.19,19.33
2012-01-27,47.09,19.2
2012-01-30,47.0,19.17
2012-01-31,46.96,19.11
2012-02-01,47.3,19.42
2012-02-02,47.37,19.51
2012-02-03,47.98,19.55
2012-02-06,48.05,19.51
2012-02-07,48.16,19.54
2012-02-08,48.32,19.59
2012-02-09,48.37,19.56
2012-02-10,48.05,19.45
2012-02-13,48.4,19.62
2012-02-14,48.36,19.55
2012-02-15,48.07,19.55
2012-02-16,48.57,19.71
2012-02-17,48.74,19.83
2012-02-21,48.86,19.76
2012-02-22,48.68,19.73
2012-02-23,48.86,19.77
2012-02-24,48.96,19.86
2012-02-27,49.08,19.9
2012-02-28,49.29,19.97
2012-02-29,49.1,19.96
2012-03-01,49.4,19.93
2012-03-02,49.29,19.89
2012-03-05,49.1,19.79
2012-03-06,48.42,19.51
2012-03-07,48.73,19.59
2012-03-08,49.16,19.77
2012-03-09,49.28,19.98
2012-03-12,49.35,19.97
2012-03-13,50.28,20.16
2012-03-14,50.3,20.32
2012-03-15,50.53,20.41
2012-03-16,50.59,20.38
2012-03-19,50.87,20.44
2012-03-20,50.75,20.35
2012-03-21,50.64,20.31
2012-03-22,50.3,20.15
2012-03-23,50.45,20.2
2012-03-26,51.13,20.44
2012-03-27,51.01,20.54
2012-03-28,50.78,20.41
2012-03-29,50.66,20.31
2012-03-30,50.79,20.36
2012-04-02,51.21,20.54
2012-04-03,51.01,20.33
2012-04-04,50.53,20.17
2012-04-05,50.49,20.18
2012-04-09,49.99,19.98
2012-04-10,49.19,19.67
2012-04-11,49.51,19.79
2012-04-12,50.13,20.07
2012-04-13,49.5,19.94
2012-04-16,49.46,19.88
2012-04-17,50.24,20.24
2012-04-18,50.06,20.07
2012-04-19,49.7,20.16
2012-04-20,49.77,20.15
2012-04-23,49.41,19.93
2012-04-24,49.62,19.98
2012-04-25,50.32,20.2
2012-04-26,50.64,20.37
2012-04-27,50.72,20.52
2012-04-30,50.47,20.39
2012-05-01,50.78,20.62
2012-05-02,50.65,20.46
2012-05-03,50.34,20.41
2012-05-04,49.51,20.11
2012-05-07,49.58,20.14
2012-05-08,49.38,20.1
2012-05-09,49.01,20.19
2012-05-10,49.17,20.01
2012-05-11,48.98,20.14
2012-05-14,48.46,19.89
2012-05-15,48.19,19.84
2012-05-16,48.1,19.93
2012-05-17,47.5,19.58
2012-05-18,47.12,19.49
2012-05-21,47.81,19.6
2012-05-22,47.85,19.58
2012-05-23,47.85,19.39
2012-05-24,47.94,19.55
2012-05-25,47.7,19.64
2012-05-29,48.27,19.64
2012-05-30,47.69,19.56
2012-05-31,47.65,19.6
2012-06-01,46.53,19.2
2012-06-04,46.56,19.05
2012-06-05,46.75,19.19
2012-06-06,47.84,19.45
2012-06-07,47.89,19.66
2012-06-08,48.28,19.55
2012-06-11,47.74,19.67
2012-06-12,48.3,19.74
2012-06-13,48.04,19.75
2012-06-14,48.58,19.88
2012-06-15,49.04,20.06
2012-06-18,49.1,20.13
2012-06-19,49.54,20.25
2012-06-20,49.5,20.3
2012-06-21,48.47,20.08
2012-06-22,48.83,19.99
2012-06-25,48.06,19.74
2012-06-26,48.31,19.83
2012-06-27,48.76,19.94
2012-06-28,48.57,19.92
2012-06-29,49.8,20.33
2012-07-02,49.88,20.38
2012-07-03,50.19,20.5
2012-07-05,49.94,20.46
2012-07-06,49.54,20.28
2012-07-09,49.54,20.37
2012-07-10,49.16,20.1
2012-07-11,49.18,20.06
2012-07-12,48.95,19.92
2012-07-13,49.74,19.82
2012-07-16,49.68,20.26
2012-07-17,50.01,20.16
2012-07-18,50.37,20.57
2012-07-19,50.51,20.63
2012-07-20,50.13,20.38
2012-07-23,49.68,20.2
2012-07-24,49.31,20.29
2012-07-25,49.26,20.13
2012-07-26,50.04,20.45
2012-07-27,50.94,20.83
2012-07-30,50.96,20.76
2012-07-31,50.79,20.78
2012-08-01,50.67,20.81
2012-08-02,50.32,20.46
2012-08-03,51.23,20.84
2012-08-06,51.36,20.9
2012-08-07,51.55,21.0
2012-08-08,51.58,20.94
2012-08-09,51.59,20.91
2012-08-10,51.69,20.89
2012-08-13,51.7,20.87
2012-08-14,51.74,20.88
2012-08-15,51.75,20.9
2012-08-16,52.1,20.98
2012-08-17,52.17,20.97
2012-08-20,52.27,20.94
2012-08-21,52.04,20.91
2012-08-22,52.08,20.81
2012-08-23,51.66,20.74
2012-08-24,52.02,20.9
2012-08-27,52.01,20.97
2012-08-28,51.98,20.87
2012-08-29,51.99,20.97
2012-08-30,51.58,20.74
2012-08-31,51.82,20.85
2012-09-04,51.71,20.83
2012-09-05,51.73,20.78
2012-09-06,52.75,21.14
2012-09-07,52.95,21.1
2012-09-10,52.61,21.06
2012-09-11,52.73,21.12
2012-09-12,52.9,21.13
2012-09-13,53.82,21.39
2012-09-14,53.95,21.4
2012-09-17,53.88,21.34
2012-09-18,53.9,21.28
2012-09-19,53.9,21.37
2012-09-20,53.96,21.36
2012-09-21,53.93,21.42
2012-09-24,53.85,21.37
2012-09-25,53.35,21.25
2012-09-26,53.06,21.1
2012-09-27,53.57,21.18
2012-09-28,53.25,21.1
2012-10-01,53.39,21.19
2012-10-02,53.46,21.17
2012-10-03,53.66,21.36
2012-10-04,54.05,21.49
2012-10-05,54.0,21.55
2012-10-08,53.79,21.45
2012-10-09,53.27,21.32
2012-10-10,52.95,21.08
2012-10-11,52.89,21.15
2012-10-12,52.71,20.99
2012-10-15,53.18,21.07
2012-10-16,53.7,21.35
2012-10-17,53.9,21.41
2012-10-18,53.7,21.55
2012-10-19,52.73,21.23
2012-10-22,52.81,21.15
2012-10-23,51.97,20.92
2012-10-24,51.89,20.86
2012-10-25,52.01,20.85
2012-10-26,51.96,20.89
2012-10-31,51.93,20.93
2012-11-01,52.47,21.12
2012-11-02,51.97,21.07
2012-11-05,52.08,20.97
2012-11-06,52.48,21.07
2012-11-07,51.19,20.66
2012-11-08,50.58,20.5
2012-11-09,50.65,20.41
2012-11-12,50.71,20.47
2012-11-13,50.5,20.44
2012-11-14,49.8,20.05
2012-11-15,49.65,19.96
2012-11-16,49.85,20.03
2012-11-19,50.93,20.28
2012-11-20,50.97,20.39
2012-11-21,51.11,20.32
2012-11-23,51.78,20.41
2012-11-26,51.75,20.41
2012-11-27,51.47,20.61
2012-11-28,51.85,20.56
2012-11-29,52.1,20.74
2012-11-30,52.04,20.83
2012-12-03,51.85,20.83
2012-12-04,51.73,20.72
2012-12-05,51.77,20.79
2012-12-06,51.94,20.81
2012-12-07,52.08,20.89
2012-12-10,52.09,20.93
2012-12-11,52.41,21.07
2012-12-12,52.46,21.05
2012-12-13,52.14,20.94
2012-12-14,51.85,20.92
2012-12-17,52.45,21.05
2012-12-18,53.05,21.36
2012-12-19,52.6,21.33
2012-12-20,52.89,21.4
2012-12-21,52.38,21.09
2012-12-24,52.22,21.13
2012-12-26,52.04,21.03
2012-12-27,51.93,20.87
2012-12-28,51.34,20.92
2012-12-31,52.19,20.82
2013-01-02,53.61,21.5
2013-01-03,53.48,21.59
2013-01-04,53.64,21.73
2013-01-07,53.53,21.83
2013-01-08,53.38,21.56
2013-01-09,53.51,21.67
2013-01-10,53.93,21.85
2013-01-11,53.95,21.8
2013-01-14,53.87,21.86
2013-01-15,53.8,21.84
2013-01-16,53.84,21.84
2013-01-17,54.06,21.98
2013-01-18,54.22,21.97
2013-01-22,54.42,22.07
2013-01-23,54.58,22.12
2013-01-24,54.47,22.22
2013-01-25,54.72,22.27
2013-01-28,54.63,22.33
2013-01-29,54.92,22.47
2013-01-30,54.69,22.34
2013-01-31,54.58,22.35
2013-02-01,55.13,22.52
2013-02-04,54.47,22.32
2013-02-05,55.05,22.4
2013-02-06,55.08,22.48
2013-02-07,54.97,22.45
2013-02-08,55.26,22.52
2013-02-11,55.26,22.56
2013-02-12,55.31,22.62
2013-02-13,55.35,22.61
2013-02-14,55.44,22.67
2013-02-15,55.39,22.66
2013-02-19,55.81,22.75
2013-02-20,55.2,22.77
2013-02-21,54.94,22.87
2013-02-22,55.41,22.61
2013-02-25,54.43,22.4
2013-02-26,54.8,22.45
2013-02-27,55.46,22.71
2013-02-28,55.3,22.7
2013-03-01,55.47,22.8
2013-03-04,55.7,22.97
2013-03-05,56.2,23.21
2013-03-06,56.28,23.27
2013-03-07,56.42,23.29
2013-03-08,56.57,23.38
2013-03-11,56.77,23.45
2013-03-12,56.64,23.45
2013-03-13,56.67,23.5
2013-03-14,57.0,23.61
2013-03-15,56.9,23.56
2013-03-18,56.6,23.5
2013-03-19,56.52,23.39
2013-03-20,56.81,23.61
2013-03-21,56.35,23.43
2013-03-22,56.85,23.51
2013-03-25,56.65,23.54
2013-03-26,57.11,23.69
2013-03-27,57.03,23.67
2013-03-28,57.1,23.76
2013-04-01,56.96,23.72
2013-04-02,57.33,23.89
2013-04-03,56.84,23.66
2013-04-04,57.03,23.75
2013-04-05,56.79,23.59
2013-04-08,57.09,23.71
2013-04-09,57.33,23.95
2013-04-10,58.04,24.14
2013-04-11,58.18,24.22
2013-04-12,58.09,24.16
2013-04-15,56.87,23.73
2013-04-16,57.66,23.99
2013-04-17,56.83,23.69
2013-04-18,56.47,23.66
2013-04-19,56.9,23.78
2013-04-22,57.22,23.93
2013-04-23,57.8,24.12
2013-04-24,57.72,24.17
2013-04-25,57.89,24.27
2013-04-26,57.89,24.25
2013-04-29,58.27,24.31
2013-04-30,58.33,24.31
2013-05-01,57.93,24.27
2013-05-02,58.41,24.31
2013-05-03,58.92,24.6
2013-05-06,59.08,24.62
2013-05-07,59.34,24.69
2013-05-08,59.61,24.73
2013-05-09,59.43,24.78
2013-05-10,59.57,24.86
2013-05-13,59.65,24.85
2013-05-14,60.19,25.11
2013-05-15,60.5,25.3
2013-05-16,60.3,25.25
2013-05-17,60.84,25.44
2013-05-20,60.85,25.45
2013-05-21,60.97,25.51
2013-05-22,60.58,25.4
2013-05-23,60.45,25.26
2013-05-24,60.46,25.25
2013-05-28,60.84,25.48
2013-05-29,60.48,25.42
2013-05-30,60.65,25.55
2013-05-31,59.74,25.29
2013-06-03,60.25,25.27
2013-06-04,59.97,25.18
2013-06-05,59.14,24.92
2013-06-06,59.58,24.98
2013-06-07,60.32,25.41
2013-06-10,60.37,25.39
2013-06-11,59.78,25.28
2013-06-12,59.3,24.99
2013-06-13,60.11,25.27
2013-06-14,59.65,25.14
2013-06-17,60.11,25.43
2013-06-18,60.59,25.59
2013-06-19,59.81,25.28
2013-06-20,58.37,24.6
2013-06-21,58.56,24.82
2013-06-24,57.77,24.49
2013-06-25,58.27,24.65
2013-06-26,58.81,24.88
2013-06-27,59.1,25.23
2013-06-28,58.65,25.35
2013-07-01,59.07,25.2
2013-07-02,59.06,25.12
2013-07-03,59.16,25.2
2013-07-05,59.82,25.33
2013-07-08,60.14,25.64
2013-07-09,60.59,25.76
2013-07-10,60.55,25.71
2013-07-11,61.33,26.06
2013-07-12,61.4,26.07
2013-07-15,61.56,26.17
2013-07-16,61.38,25.98
2013-07-17,61.55,26.03
2013-07-18,61.81,26.3
2013-07-19,61.82,26.4
2013-07-22,62.01,26.48
2013-07-23,61.97,26.54
2013-07-24,61.84,26.36
2013-07-25,61.91,26.45
2013-07-26,61.97,26.46
2013-07-29,61.82,26.41
2013-07-30,61.79,26.42
2013-07-31,61.74,26.54
2013-08-01,62.36,26.77
2013-08-02,62.52,26.8
2013-08-05,62.43,26.77
2013-08-06,62.09,26.62
2013-08-07,61.96,26.53
2013-08-08,62.18,26.62
2013-08-09,61.86,26.53
2013-08-12,61.85,26.47
2013-08-13,62.06,26.58
2013-08-14,61.77,26.41
2013-08-15,60.9,26.0
2013-08-16,60.76,25.85
2013-08-19,60.45,25.82
2013-08-20,60.55,25.68
2013-08-21,60.2,25.82
2013-08-22,60.61,25.87
2013-08-23,60.88,25.99
2013-08-26,60.66,25.97
2013-08-27,59.73,25.36
2013-08-28,59.97,25.51
2013-08-29,60.0,25.53
2013-08-30,59.82,25.37
2013-09-03,60.02,25.63
2013-09-04,60.52,25.75
2013-09-05,60.59,25.86
2013-09-06,60.58,25.81
2013-09-09,61.12,26.04
2013-09-10,61.63,26.24
2013-09-11,61.78,26.33
2013-09-12,61.66,26.37
2013-09-13,61.82,26.45
2013-09-16,62.09,26.66
2013-09-17,62.36,26.71
2013-09-18,63.1,26.92
2013-09-19,63.0,26.91
2013-09-20,62.57,26.77
2013-09-23,62.32,26.64
2013-09-24,62.07,26.51
2013-09-25,61.84,26.46
2013-09-26,62.04,26.39
2013-09-27,61.76,26.24
2013-09-30,61.34,26.05
2013-10-01,61.83,26.25
2013-10-02,61.75,26.2
2013-10-03,61.24,26.02
2013-10-04,61.57,26.21
2013-10-07,61.09,25.94
2013-10-08,60.44,25.74
2013-10-09,60.53,25.78
2013-10-10,61.78,26.32
2013-10-11,62.21,26.54
2013-10-14,62.48,26.59
2013-10-15,62.08,26.58
2013-10-16,62.91,26.81
2013-10-17,63.23,26.96
2013-10-18,63.69,27.07
2013-10-21,63.71,26.97
2013-10-22,64.07,27.27
2013-10-23,63.79,27.12
2013-10-24,64.01,27.21
2013-10-25,64.31,27.2
2013-10-28,64.49,27.3
2013-10-29,64.81,27.51
2013-10-30,64.59,27.34
2013-10-31,64.39,27.36
2013-11-01,64.54,27.38
2013-11-04,64.68,27.41
2013-11-05,64.51,27.41
2013-11-06,64.91,27.46
2013-11-07,64.17,27.13
2013-11-08,64.99,27.46
2013-11-11,65.02,27.58
2013-11-12,64.9,27.45
2013-11-13,65.4,27.6
2013-11-14,65.67,27.88
2013-11-15,65.95,27.98
2013-11-18,65.83,27.99
2013-11-19,65.76,27.9
2013-11-20,65.53,27.76
2013-11-21,65.95,28.1
2013-11-22,66.23,28.18
2013-11-25,66.22,28.17
2013-11-26,66.16,28.18
2013-11-27,66.36,28.18
2013-11-29,66.37,28.27
2013-12-02,66.17,28.18
2013-12-03,65.98,27.92
2013-12-04,65.93,27.89
2013-12-05,65.66,27.69
2013-12-06,66.31,28.07
2013-12-09,66.48,28.16
2013-12-10,66.23,28.1
2013-12-11,65.58,27.77
2013-12-12,65.27,27.56
2013-12-13,65.21,27.63
2013-12-16,65.59,27.76
2013-12-17,65.35,27.75
2013-12-18,66.53,27.86
2013-12-19,66.45,28.08
2013-12-20,66.74,28.25
2013-12-23,67.12,28.3
2013-12-24,67.31,28.35
2013-12-26,67.68,28.56
2013-12-27,67.68,28.49
2013-12-30,67.63,28.49
2013-12-31,67.88,28.59
2014-01-02,67.36,28.37
2014-01-03,67.3,28.45
2014-01-06,67.2,28.48
2014-01-07,67.57,28.5
2014-01-08,67.44,28.52
2014-01-09,67.41,28.59
2014-01-10,67.48,28.66
2014-01-13,66.71,28.37
2014-01-14,67.37,28.54
2014-01-15,67.83,28.67
2014-01-16,67.74,28.58
2014-01-17,67.38,28.45
2014-01-21,67.55,28.51
2014-01-22,67.57,28.64
2014-01-23,67.01,28.22
2014-01-24,65.72,27.66
2014-01-27,65.38,27.58
2014-01-28,65.62,27.62
2014-01-29,64.95,27.47
2014-01-30,65.61,27.72
2014-01-31,65.14,27.41
2014-02-03,63.73,26.8
2014-02-04,64.16,26.94
2014-02-05,64.06,26.9
2014-02-06,64.88,27.18
2014-02-07,65.7,27.57
2014-02-10,65.79,27.55
2014-02-11,66.52,27.98
2014-02-12,66.52,27.91
2014-02-13,66.8,28.13
2014-02-14,67.18,28.31
2014-02-18,67.07,28.28
2014-02-19,66.64,28.17
2014-02-20,66.97,28.27
2014-02-21,66.79,28.37
2014-02-24,67.21,28.41
2014-02-25,67.08,28.29
2014-02-26,67.11,28.36
2014-02-27,67.49,28.36
2014-02-28,67.68,28.53
2014-03-03,67.15,28.66
2014-03-04,68.15,28.83
2014-03-05,68.23,28.85
2014-03-06,68.39,28.96
2014-03-07,68.41,28.95
2014-03-10,68.47,28.98
2014-03-11,68.12,29.01
2014-03-12,68.1,28.89
2014-03-13,67.39,28.68
2014-03-14,67.08,28.54
2014-03-17,67.72,28.79
2014-03-18,68.28,28.89
2014-03-19,67.94,28.89
2014-03-20,68.36,29.08
2014-03-21,68.15,29.08
2014-03-24,68.01,28.88
2014-03-25,68.45,29.08
2014-03-26,67.97,29.0
2014-03-27,67.84,28.86
2014-03-28,68.08,28.96
2014-03-31,68.58,29.31
2014-04-01,68.98,29.35
2014-04-02,69.2,29.46
2014-04-03,69.13,29.47
2014-04-04,68.37,29.34
2014-04-07,67.74,29.2
2014-04-08,67.95,29.14
2014-04-09,68.7,29.4
2014-04-10,67.29,28.99
2014-04-11,66.77,28.65
2014-04-14,67.25,28.87
2014-04-15,67.73,28.81
2014-04-16,68.34,29.24
2014-04-17,68.46,29.36
2014-04-21,68.72,29.36
2014-04-22,68.94,29.44
2014-04-23,68.82,29.48
2014-04-24,68.99,29.46
2014-04-25,68.49,29.31
2014-04-28,68.84,29.4
2014-04-29,69.19,29.52
2014-04-30,69.37,29.58
2014-05-01,69.27,29.55
2014-05-02,69.15,29.48
2014-05-05,69.27,29.5
2014-05-06,68.63,29.37
2014-05-07,69.03,29.59
2014-05-08,69.04,29.61
2014-05-09,69.18,29.74
2014-05-12,69.76,29.86
2014-05-13,69.88,29.91
2014-05-14,69.56,29.86
2014-05-15,68.95,29.55
2014-05-16,69.17,29.49
2014-05-19,69.45,29.67
2014-05-20,69.03,29.45
2014-05-21,69.67,29.59
2014-05-22,69.81,29.77
2014-05-23,70.05,29.81
2014-05-27,70.46,29.91
2014-05-28,70.35,29.99
2014-05-29,70.75,30.08
2014-05-30,70.86,30.27
2014-06-02,70.87,30.32
2014-06-03,70.84,30.31
2014-06-04,70.92,30.33
2014-06-05,71.41,30.55
2014-06-06,71.69,30.7
2014-06-09,71.83,30.73
2014-06-10,71.94,30.58
2014-06-11,71.64,30.51
2014-06-12,71.09,30.28
2014-06-13,71.31,30.48
2014-06-16,71.3,30.55
2014-06-17,71.42,30.44
2014-06-18,71.93,30.84
2014-06-19,71.97,30.96
2014-06-20,72.09,30.96
2014-06-23,72.07,30.89
2014-06-24,71.66,30.88
2014-06-25,72.05,30.87
2014-06-26,72.01,30.75
2014-06-27,72.14,30.99
2014-06-30,71.98,30.84
2014-07-01,72.52,31.03
2014-07-02,72.72,31.08
2014-07-03,73.1,31.24
2014-07-07,72.91,31.11
2014-07-08,72.45,30.91
2014-07-09,72.78,31.05
2014-07-10,72.51,31.04
2014-07-11,72.63,30.97
2014-07-14,73.08,31.14
2014-07-15,73.0,31.03
2014-07-16,73.35,31.09
2014-07-17,72.55,30.91
2014-07-18,73.29,31.09
2014-07-21,73.16,30.99
2014-07-22,73.52,31.19
2014-07-23,73.72,31.34
2014-07-24,73.67,31.2
2014-07-25,73.32,31.07
2014-07-28,73.34,31.03
2014-07-29,73.1,31.05
2014-07-30,73.09,30.85
2014-07-31,71.61,30.38
2014-08-01,71.32,30.31
2014-08-04,71.81,30.45
2014-08-05,71.12,30.21
2014-08-06,71.19,30.15
2014-08-07,70.8,30.03
2014-08-08,71.55,30.27
2014-08-11,71.77,30.49
2014-08-12,71.7,30.52
2014-08-13,72.24,30.73
2014-08-14,72.5,30.77
2014-08-15,72.49,30.72
2014-08-18,73.11,31.07
2014-08-19,73.47,31.16
2014-08-20,73.57,31.27
2014-08-21,73.89,31.36
2014-08-22,73.72,31.31
2014-08-25,74.14,31.37
2014-08-26,74.24,31.43
2014-08-27,74.23,31.39
2014-08-28,74.09,31.45
2014-08-29,74.25,31.5
2014-09-02,74.22,31.41
2014-09-03,74.19,31.45
2014-09-04,74.03,31.47
2014-09-05,74.4,31.5
2014-09-08,74.19,31.45
2014-09-09,73.76,31.31
2014-09-10,74.11,31.36
2014-09-11,74.19,31.28
2014-09-12,73.83,31.1
2014-09-15,73.88,31.25
2014-09-16,74.42,31.54
2014-09-17,74.56,31.69
2014-09-18,74.98,31.74
2014-09-19,75.08,31.74
2014-09-22,74.52,31.48
2014-09-23,74.13,31.28
2014-09-24,74.68,31.51
2014-09-25,73.4,31.14
2014-09-26,74.01,31.07
2014-09-29,73.77,31.19
2014-09-30,73.7,31.07
2014-10-01,72.75,30.71
2014-10-02,72.69,30.76
2014-10-03,73.51,31.02
2014-10-06,73.46,30.94
2014-10-07,72.34,30.44
2014-10-08,73.62,30.48
2014-10-09,72.25,30.33
2014-10-10,71.45,30.11
2014-10-13,70.41,29.95
2014-10-14,70.35,29.68
2014-10-15,69.64,29.01
2014-10-16,69.46,29.43
2014-10-17,70.42,29.75
2014-10-20,70.96,29.98
2014-10-21,72.24,30.45
2014-10-22,71.85,30.37
2014-10-23,72.65,30.55
2014-10-24,73.12,30.75
2014-10-27,73.05,30.74
2014-10-28,73.84,31.07
2014-10-29,73.78,31.03
2014-10-30,74.23,31.24
2014-10-31,75.03,31.51
2014-11-03,74.96,31.62
2014-11-04,74.85,31.56
2014-11-05,75.25,31.75
2014-11-06,75.5,31.87
2014-11-07,75.6,31.84
2014-11-10,75.83,31.93
2014-11-11,75.91,32.01
2014-11-12,75.87,31.98
2014-11-13,76.03,31.97
2014-11-14,76.1,32.0
2014-11-17,76.04,32.07
2014-11-18,76.38,32.27
2014-11-19,76.31,32.12
2014-11-20,76.42,32.27
2014-11-21,76.8,32.44
2014-11-24,76.93,32.55
2014-11-25,76.88,32.63
2014-11-26,77.09,32.61
2014-11-28,76.94,32.76
2014-12-01,76.44,32.53
2014-12-02,76.95,32.69
2014-12-03,77.13,32.77
2014-12-04,77.06,32.75
2014-12-05,77.23,32.81
2014-12-08,76.72,32.68
2014-12-09,76.56,32.51
2014-12-10,75.43,32.2
2014-12-11,75.75,32.26
2014-12-12,74.51,32.01
2014-12-15,73.87,31.49
2014-12-16,73.25,31.43
2014-12-17,74.69,31.75
2014-12-18,76.57,32.39
2014-12-19,76.92,32.71
2014-12-22,77.22,32.91
2014-12-23,77.34,33.05
2014-12-24,77.28,33.08
2014-12-26,77.55,33.16
2014-12-29,77.54,33.16
2014-12-30,77.19,33.0
2014-12-31,76.41,32.92
2015-01-02,76.31,32.67
2015-01-05,74.96,32.01
2015-01-06,74.28,31.94
2015-01-07,75.17,32.12
2015-01-08,76.54,32.71
2015-01-09,75.93,32.47
2015-01-12,75.37,32.27
2015-01-13,75.18,32.18
2015-01-14,74.67,31.69
2015-01-15,73.92,31.84
2015-01-16,74.83,32.03
2015-01-20,75.02,32.15
2015-01-21,75.29,32.19
2015-01-22,76.49,32.74
2015-01-23,76.04,32.55
2015-01-26,76.12,32.47
2015-01-27,74.84,32.23
2015-01-28,73.88,31.76
2015-01-29,74.65,31.93
2015-01-30,73.76,31.62
2015-02-02,74.78,31.74
2015-02-03,75.85,32.3
2015-02-04,75.59,32.52
2015-02-05,76.32,32.56
2015-02-06,76.19,32.69
2015-02-09,75.87,32.38
2015-02-10,76.65,32.7
2015-02-11,76.81,32.69
2015-02-12,77.54,32.91
2015-02-13,77.86,32.93
2015-02-17,77.99,33.02
2015-02-18,77.89,33.01
2015-02-19,77.74,33.06
2015-02-20,78.18,33.2
2015-02-23,78.17,33.14
2015-02-24,78.52,33.41
2015-02-25,78.42,33.34
2015-02-26,78.41,33.28
2015-02-27,78.09,33.19
2015-03-02,78.65,33.33
2015-03-03,78.32,33.18
2015-03-04,78.02,33.08
2015-03-05,78.01,33.16
2015-03-06,77.0,32.57
2015-03-09,77.32,32.87
2015-03-10,76.01,32.38
2015-03-11,75.74,32.32
2015-03-12,76.61,32.67
2015-03-13,76.14,32.27
2015-03-16,77.11,32.87
2015-03-17,76.84,32.72
2015-03-18,77.7,32.55
2015-03-19,77.25,32.91
2015-03-20,77.96,33.13
2015-03-23,77.84,33.2
2015-03-24,77.39,32.91
2015-03-25,76.17,32.5
2015-03-26,75.99,32.45
2015-03-27,76.01,32.46
2015-03-30,76.98,32.93
2015-03-31,76.23,32.75
2015-04-01,75.92,32.41
2015-04-02,76.16,32.55
2015-04-06,76.67,32.87
2015-04-07,76.59,32.72
2015-04-08,76.73,32.7
2015-04-09,77.16,32.81
2015-04-10,77.7,33.12
2015-04-13,77.37,33.1
2015-04-14,77.52,33.25
2015-04-15,77.9,33.13
2015-04-16,77.9,33.11
2015-04-17,76.94,32.74
2015-04-20,77.73,33.04
2015-04-21,77.59,32.99
2015-04-22,78.05,33.08
2015-04-23,78.2,33.15
2015-04-24,78.56,33.06
2015-04-27,78.29,32.98
2015-04-28,78.6,33.07
2015-04-29,78.35,32.93
2015-04-30,77.53,32.68
2015-05-01,78.32,33.05
2015-05-04,78.59,33.14
2015-05-05,77.71,32.79
2015-05-06,77.37,32.66
2015-05-07,77.67,32.85
2015-05-08,78.79,33.23
2015-05-11,78.35,33.15
2015-05-12,78.12,33.09
2015-05-13,78.17,33.08
2015-05-14,79.03,33.35
2015-05-15,79.1,33.41
2015-05-18,79.22,33.56
2015-05-19,79.3,33.59
2015-05-20,79.22,33.64
2015-05-21,79.45,33.64
2015-05-22,79.23,33.51
2015-05-26,78.4,33.1
2015-05-27,79.14,33.47
2015-05-28,79.1,33.4
2015-05-29,78.52,33.3
2015-06-01,78.71,33.19
2015-06-02,78.67,33.21
2015-06-03,78.94,33.28
2015-06-04,78.29,33.02
2015-06-05,78.03,33.17
2015-06-08,77.59,32.82
2015-06-09,77.65,32.87
2015-06-10,78.62,33.18
2015-06-11,78.84,33.21
2015-06-12,78.22,33.37
2015-06-15,77.88,32.9
2015-06-16,78.3,33.05
2015-06-17,78.4,32.95
2015-06-18,79.22,33.48
2015-06-19,78.74,33.28
2015-06-22,79.25,33.49
2015-06-23,79.38,33.51
2015-06-24,78.82,33.24
2015-06-25,78.58,33.19
2015-06-26,78.57,33.13
2015-06-29,76.96,32.61
2015-06-30,77.11,32.6
2015-07-01,77.72,32.76
2015-07-02,77.65,32.81
2015-07-06,77.43,32.64
2015-07-07,77.84,32.9
2015-07-08,76.66,33.05
2015-07-09,76.77,32.64
2015-07-10,77.76,32.79
2015-07-13,78.69,33.07
2015-07-14,79.09,33.23
2015-07-15,79.19,33.33
2015-07-16,79.87,33.46
2015-07-17,80.19,33.35
2015-07-20,80.41,33.43
2015-07-21,80.05,33.29
2015-07-22,79.7,33.44
2015-07-23,79.22,33.2
2015-07-24,78.38,33.35
2015-07-27,77.99,32.44
2015-07-28,78.98,32.95
2015-07-29,79.51,33.14
2015-07-30,79.53,33.2
2015-07-31,79.31,33.35
2015-08-03,78.99,33.04
2015-08-04,78.73,33.12
2015-08-05,78.97,33.27
2015-08-06,78.32,32.94
2015-08-07,78.05,33.1
2015-08-10,78.99,33.22
2015-08-11,78.19,32.92
2015-08-12,78.31,32.86
2015-08-13,78.21,32.93
2015-08-14,78.46,33.04
2015-08-17,78.85,33.18
2015-08-18,78.62,33.17
2015-08-19,78.0,32.84
2015-08-20,76.36,32.28
2015-08-21,73.82,31.45
2015-08-24,70.92,30.08
2015-08-25,69.85,29.87
2015-08-26,72.9,30.13
2015-08-27,74.69,31.21
2015-08-28,74.67,31.19
2015-08-31,74.04,31.05
2015-09-01,71.83,30.18
2015-09-02,73.25,30.56
2015-09-03,73.23,31.05
2015-09-04,72.07,30.32
2015-09-08,73.9,31.09
2015-09-09,72.81,31.23
2015-09-10,73.33,30.74
2015-09-11,73.66,30.87
2015-09-14,73.41,30.81
2015-09-15,74.41,31.05
2015-09-16,74.98,31.54
2015-09-17,74.79,31.61
2015-09-18,73.54,30.87
2015-09-21,73.96,31.05
2015-09-22,73.08,30.67
2015-09-23,73.0,30.61
2015-09-24,72.79,30.54
2015-09-25,72.76,30.68
2015-09-28,71.05,29.56
2015-09-29,71.09,29.49
2015-09-30,72.38,30.07
2015-10-01,72.62,30.24
2015-10-02,73.69,30.38
2015-10-05,74.98,31.42
2015-10-06,74.86,31.57
2015-10-07,75.46,31.45
2015-10-08,76.05,31.5
2015-10-09,76.14,31.64
2015-10-12,76.24,31.84
2015-10-13,75.83,31.83
2015-10-14,75.44,31.55
2015-10-15,76.67,31.54
2015-10-16,77.02,31.96
2015-10-19,77.13,32.1
2015-10-20,76.96,31.95
2015-10-21,76.62,31.84
2015-10-22,77.99,32.27
2015-10-23,79.21,32.43
2015-10-26,79.03,32.45
2015-10-27,78.93,32.4
2015-10-28,79.85,32.58
2015-10-29,79.85,32.67
2015-10-30,79.25,32.71
2015-11-02,80.23,33.01
2015-11-03,80.53,33.19
2015-11-04,80.31,32.98
2015-11-05,80.2,32.92
2015-11-06,80.3,32.83
2015-11-09,79.53,32.53
2015-11-10,79.64,32.64
2015-11-11,79.4,32.51
2015-11-12,78.36,32.66
2015-11-13,77.39,32.07
2015-11-16,78.53,32.24
2015-11-17,78.45,32.26
2015-11-18,79.81,32.72
2015-11-19,79.74,32.74
2015-11-20,79.99,32.83
2015-11-23,79.79,32.98
2015-11-24,79.92,32.85
2015-11-25,79.86,32.88
2015-11-27,79.91,33.03
2015-11-30,79.53,33.03
2015-12-01,80.32,32.98
2015-12-02,79.56,32.7
2015-12-03,78.46,32.52
2015-12-04,80.05,32.72
2015-12-07,79.61,32.43
2015-12-08,79.07,32.25
2015-12-09,78.46,32.07
2015-12-10,78.66,32.06
2015-12-11,77.1,31.46
2015-12-14,77.66,31.44
2015-12-15,78.46,31.89
2015-12-16,79.61,32.28
2015-12-17,78.46,31.97
2015-12-18,76.87,31.49
2015-12-21,77.51,31.47
2015-12-22,78.18,31.61
2015-12-23,79.05,32.39
2015-12-24,78.88,32.44
2015-12-28,78.76,32.14
2015-12-29,79.64,32.57
2015-12-30,79.07,32.44
2015-12-31,78.25,32.15
2016-01-04,77.02,31.54
2016-01-05,77.15,31.66
2016-01-06,76.25,31.23
2016-01-07,74.23,30.57
2016-01-08,73.5,30.16
2016-01-11,73.74,29.97
2016-01-12,74.37,30.04
2016-01-13,72.55,29.5
2016-01-14,73.89,30.03
2016-01-15,72.19,29.38
2016-01-19,72.26,29.42
2016-01-20,71.37,28.87
2016-01-21,71.71,29.23
2016-01-22,73.19,29.75
2016-01-25,72.18,29.33
2016-01-26,73.08,29.62
2016-01-27,72.25,29.67
2016-01-28,72.9,29.8
2016-01-29,74.55,29.8
2016-02-01,74.52,29.93
2016-02-02,73.2,29.58
2016-02-03,73.53,29.59
2016-02-04,73.54,30.06
2016-02-05,72.22,29.51
2016-02-08,71.62,28.62
2016-02-09,71.56,28.95
2016-02-10,71.47,29.12
2016-02-11,70.66,28.22
2016-02-12,72.0,28.92
2016-02-16,73.09,29.49
2016-02-17,74.23,30.08
2016-02-18,73.88,30.04
2016-02-19,73.86,29.92
2016-02-22,74.85,30.41
2016-02-23,73.89,30.1
2016-02-24,74.13,30.19
2016-02-25,74.99,30.39
2016-02-26,74.74,30.53
2016-02-29,74.08,30.53
2016-03-01,75.98,30.91
2016-03-02,76.26,30.97
2016-03-03,76.39,31.24
2016-03-04,76.61,31.53
2016-03-07,76.55,31.68
2016-03-08,75.93,31.38
2016-03-09,76.26,31.34
2016-03-10,76.25,31.29
2016-03-11,77.38,31.75
2016-03-14,77.29,31.76
2016-03-15,77.31,31.91
2016-03-16,77.66,31.93
2016-03-17,78.12,32.08
2016-03-18,78.34,32.42
2016-03-21,78.54,32.57
2016-03-22,78.49,32.48
2016-03-23,78.08,32.21
2016-03-24,78.06,32.0
2016-03-28,78.04,32.1
2016-03-29,78.7,32.35
2016-03-30,79.1,32.54
2016-03-31,78.82,32.52
2016-04-01,79.42,32.65
2016-04-04,79.2,32.8
2016-04-05,78.5,32.32
2016-04-06,79.35,32.39
2016-04-07,78.43,32.04
2016-04-08,78.56,32.21
2016-04-11,78.37,32.4
2016-04-12,79.12,32.58
2016-04-13,79.88,32.92
2016-04-14,80.04,32.94
2016-04-15,79.85,32.95
2016-04-18,80.44,33.13
2016-04-19,80.73,33.28
2016-04-20,80.81,33.52
2016-04-21,80.54,33.25
2016-04-22,80.25,33.33
2016-04-25,80.22,33.17
2016-04-26,80.13,33.36
2016-04-27,80.15,33.58
2016-04-28,79.45,33.22
2016-04-29,79.12,32.94
2016-05-02,79.75,33.11
2016-05-03,79.09,32.79
2016-05-04,78.65,32.5
2016-05-05,78.6,32.49
2016-05-06,78.91,32.65
2016-05-09,78.97,32.61
2016-05-10,79.99,32.76
2016-05-11,79.28,32.74
2016-05-12,79.33,32.76
2016-05-13,78.62,32.45
2016-05-16,79.35,32.8
2016-05-17,78.55,32.55
2016-05-18,78.67,32.59
2016-05-19,78.33,32.46
2016-05-20,78.79,32.78
2016-05-23,78.65,32.77
2016-05-24,79.68,33.07
2016-05-25,80.28,33.32
2016-05-26,80.26,33.28
2016-05-27,80.54,33.43
2016-05-31,80.43,33.39
2016-06-01,80.5,33.51
2016-06-02,80.64,33.67
2016-06-03,80.45,33.55
2016-06-06,80.82,33.76
2016-06-07,80.86,33.8
2016-06-08,81.13,33.88
2016-06-09,81.01,33.79
2016-06-10,80.42,33.39
2016-06-13,79.8,33.11
2016-06-14,79.69,33.04
2016-06-15,79.46,33.19
2016-06-16,79.86,33.1
2016-06-17,79.37,33.05
2016-06-20,79.79,33.28
2016-06-21,80.05,33.44
2016-06-22,79.94,33.31
2016-06-23,80.93,33.75
2016-06-24,78.16,32.59
2016-06-27,77.02,31.7
2016-06-28,78.34,31.85
2016-06-29,79.57,32.95
2016-06-30,80.59,32.89
2016-07-01,80.73,33.45
2016-07-05,80.28,33.6
2016-07-06,80.82,33.25
2016-07-07,80.74,33.35
2016-07-08,81.91,33.72
2016-07-11,82.17,33.87
2016-07-12,82.66,34.34
2016-07-13,82.67,34.28
2016-07-14,83.14,34.51
2016-07-15,83.04,34.46
2016-07-18,83.32,34.41
2016-07-19,83.32,34.39
2016-07-20,83.67,34.61
2016-07-21,83.33,34.77
2016-07-22,83.63,34.64
2016-07-25,83.4,34.79
2016-07-26,83.2,34.58
2016-07-27,83.4,34.74
2016-07-28,83.42,34.54
2016-07-29,83.63,34.49
2016-08-01,83.64,34.49
2016-08-02,83.22,34.35
2016-08-03,83.4,34.41
2016-08-04,83.45,34.57
2016-08-05,84.09,34.57
2016-08-08,84.07,34.74
2016-08-09,84.13,34.73
2016-08-10,83.89,34.67
2016-08-11,84.27,34.88
2016-08-12,84.15,35.04
2016-08-15,84.38,35.04
2016-08-16,84.01,35.04
2016-08-17,84.2,34.61
2016-08-18,84.26,34.87
2016-08-19,84.06,34.84
2016-08-22,84.02,34.99
2016-08-23,84.14,34.99
2016-08-24,83.8,34.83
2016-08-25,83.68,34.7
2016-08-26,83.59,34.63
2016-08-29,84.0,34.82
2016-08-30,83.86,34.77
2016-08-31,83.7,34.65
2016-09-01,83.72,34.81
2016-09-02,84.03,34.81
2016-09-06,84.31,34.94
2016-09-07,84.26,34.93
2016-09-08,84.12,35.09
2016-09-09,82.27,34.41
2016-09-12,83.4,34.37
2016-09-13,82.31,34.2
2016-09-14,82.32,33.99
2016-09-15,83.13,34.15
2016-09-16,82.76,34.16
2016-09-19,82.67,34.5
2016-09-20,82.79,34.41
2016-09-21,83.53,34.58
2016-09-22,84.02,34.94
2016-09-23,83.6,34.69
2016-09-26,82.85,34.51
2016-09-27,83.4,34.57
2016-09-28,83.78,34.74
2016-09-29,83.01,34.9
2016-09-30,83.66,34.85
2016-10-03,83.43,34.67
2016-10-04,83.17,34.83
2016-10-05,83.55,34.7
2016-10-06,83.6,34.86
2016-10-07,83.4,34.54
2016-10-10,83.77,34.72
2016-10-11,82.94,34.34
2016-10-12,82.96,34.5
2016-10-13,82.71,34.27
2016-10-14,82.74,34.43
2016-10-17,82.49,34.12
2016-10-18,82.92,34.38
2016-10-19,83.02,34.54
2016-10-20,82.94,34.47
2016-10-21,83.0,34.41
2016-10-24,83.42,34.56
2016-10-25,83.28,34.56
2016-10-26,83.14,34.42
2016-10-27,83.06,34.43
2016-10-28,82.63,34.21
2016-10-31,82.51,34.34
2016-11-01,82.02,34.5
2016-11-02,81.46,34.01
2016-11-03,81.05,33.88
2016-11-04,80.82,33.96
2016-11-07,82.57,34.42
2016-11-08,82.92,34.63
2016-11-09,83.94,34.42
2016-11-10,84.06,35.37
2016-11-11,83.89,35.06
2016-11-14,83.62,35.19
2016-11-15,84.26,35.35
2016-11-16,84.21,35.39
2016-11-17,84.59,35.57
2016-11-18,84.38,35.58
2016-11-21,85.02,35.73
2016-11-22,85.11,35.88
2016-11-23,85.05,36.04
2016-11-25,85.39,36.04
2016-11-28,85.08,35.9
2016-11-29,85.21,36.0
2016-11-30,84.96,35.99
2016-12-01,84.75,35.79
2016-12-02,84.73,35.9
2016-12-05,85.15,35.97
2016-12-06,85.43,36.14
2016-12-07,86.46,36.59
2016-12-08,86.66,36.69
2016-12-09,87.34,36.79
2016-12-12,87.39,36.74
2016-12-13,88.11,36.98
2016-12-14,87.51,36.62
2016-12-15,87.88,36.85
2016-12-16,87.74,36.93
2016-12-19,87.91,36.81
2016-12-20,88.26,36.98
2016-12-21,88.04,36.91
2016-12-22,87.91,36.78
2016-12-23,87.96,36.82
2016-12-27,88.07,37.03
2016-12-28,87.48,36.7
2016-12-29,87.46,36.65
2016-12-30,87.08,36.44
2017-01-03,87.77,36.71
2017-01-04,88.1,37.13
2017-01-05,88.13,37.03
2017-01-06,88.53,37.22
2017-01-09,88.33,37.08
2017-01-10,88.22,37.13
2017-01-11,88.44,37.03
2017-01-12,88.28,37.11
2017-01-13,88.4,37.28
2017-01-17,88.12,37.07
2017-01-18,88.19,37.16
2017-01-19,87.88,37.12
2017-01-20,88.14,37.18
2017-01-23,87.91,37.27
2017-01-24,88.29,37.45
2017-01-25,89.03,37.61
2017-01-26,89.03,37.62
2017-01-27,88.97,37.58
2017-01-30,88.47,37.25
2017-01-31,88.26,37.21
2017-02-01,88.42,37.3
2017-02-02,88.45,37.42
2017-02-03,89.05,37.68
2017-02-06,88.99,37.65
2017-02-07,89.01,37.62
2017-02-08,89.03,37.61
2017-02-09,89.48,37.91
2017-02-10,89.81,38.03
2017-02-13,90.35,38.29
2017-02-14,90.85,38.44
2017-02-15,91.37,38.65
2017-02-16,91.36,38.6
2017-02-17,91.47,38.59
2017-02-21,92.01,38.94
2017-02-22,91.98,38.85
2017-02-23,92.23,38.9
2017-02-24,92.3,38.82
2017-02-27,92.35,38.99
2017-02-28,92.22,38.92
2017-03-01,93.5,39.4
2017-03-02,93.04,39.16
2017-03-03,93.1,39.19
2017-03-06,92.89,39.08
2017-03-07,92.65,38.89
2017-03-08,92.55,38.92
2017-03-09,92.75,38.92
2017-03-10,93.03,38.96
2017-03-13,92.96,39.05
2017-03-14,92.7,38.89
2017-03-15,93.34,39.26
2017-03-16,93.26,39.1
2017-03-17,93.03,39.18
2017-03-20,92.9,39.01
2017-03-21,91.84,38.59
2017-03-22,91.9,38.64
2017-03-23,91.79,38.58
2017-03-24,91.65,38.63
2017-03-27,91.56,38.56
2017-03-28,92.19,38.84
2017-03-29,92.25,38.92
2017-03-30,92.54,38.98
2017-03-31,92.25,38.94
2017-04-03,92.24,38.81
2017-04-04,92.39,38.88
2017-04-05,92.06,38.82
2017-04-06,92.13,38.89
2017-04-07,92.04,38.92
2017-04-10,92.03,39.01
2017-04-11,91.84,38.86
2017-04-12,91.63,38.78
2017-04-13,90.97,38.82
2017-04-17,91.73,38.8
2017-04-18,91.51,38.64
2017-04-19,91.23,38.61
2017-04-20,91.88,38.95
2017-04-21,91.59,38.81
2017-04-24,92.58,39.1
2017-04-25,93.21,39.48
2017-04-26,93.11,39.52
2017-04-27,93.21,39.49
2017-04-28,93.19,39.43
2017-05-01,93.43,39.5
2017-05-02,93.45,39.41
2017-05-03,93.46,39.41
2017-05-04,93.5,39.45
2017-05-05,93.76,39.65
2017-05-08,93.89,39.5
2017-05-09,93.71,39.53
2017-05-10,93.65,39.57
2017-05-11,93.52,39.45
2017-05-12,93.47,39.5
2017-05-15,93.87,39.64
2017-05-16,93.84,39.64
2017-05-17,92.15,39.08
2017-05-18,92.46,39.3
2017-05-19,92.98,39.44
2017-05-22,93.43,39.64
2017-05-23,93.69,39.69
2017-05-24,93.9,39.75
2017-05-25,94.29,40.03
2017-05-26,94.3,40.06
2017-05-30,94.26,39.96
2017-05-31,94.11,40.03
2017-06-01,94.72,40.36
2017-06-02,95.1,40.53
2017-06-05,95.15,40.48
2017-06-06,94.91,40.37
2017-06-07,95.09,40.4
2017-06-08,95.04,40.45
2017-06-09,94.94,40.44
2017-06-12,94.87,40.38
2017-06-13,95.24,40.63
2017-06-14,95.16,40.52
2017-06-15,95.0,40.54
2017-06-16,94.98,40.49
2017-06-19,95.83,40.8
2017-06-20,95.27,40.68
2017-06-21,95.24,40.65
2017-06-22,95.19,40.66
2017-06-23,95.32,40.6
2017-06-26,95.32,40.79
2017-06-27,94.56,40.53
2017-06-28,95.36,40.86
2017-06-29,94.54,40.51
2017-06-30,94.67,40.58
2017-07-03,94.88,40.7
2017-07-05,95.15,40.72
2017-07-06,94.32,40.44
2017-07-07,94.8,40.62
2017-07-10,94.93,40.68
2017-07-11,94.85,40.65
2017-07-12,95.51,40.93
2017-07-13,95.69,40.99
2017-07-14,96.11,41.15
2017-07-17,96.07,41.13
2017-07-18,96.2,41.13
2017-07-19,96.67,41.38
2017-07-20,96.74,41.42
2017-07-21,96.55,41.42
2017-07-24,96.54,41.41
2017-07-25,96.78,41.49
2017-07-26,96.87,41.49
2017-07-27,96.97,41.37
2017-07-28,96.71,41.33
2017-07-31,96.67,41.38
2017-08-01,96.98,41.46
2017-08-02,97.19,41.34
2017-08-03,97.07,41.31
2017-08-04,97.28,41.39
2017-08-07,97.43,41.49
2017-08-08,97.29,41.34
2017-08-09,97.27,41.3
2017-08-10,96.01,40.95
2017-08-11,96.16,40.82
2017-08-14,97.04,41.18
2017-08-15,97.1,41.3
2017-08-16,97.18,41.32
2017-08-17,95.73,40.73
2017-08-18,95.48,40.76
2017-08-21,95.59,40.65
2017-08-22,96.55,41.11
2017-08-23,96.18,40.99
2017-08-24,95.94,40.94
2017-08-25,96.13,40.92
2017-08-28,96.21,40.95
2017-08-29,96.4,40.96
2017-08-30,96.83,41.14
2017-08-31,97.36,41.45
2017-09-01,97.5,41.61
2017-09-05,96.74,41.31
2017-09-06,97.09,41.44
2017-09-07,97.1,41.44
2017-09-08,96.8,41.46
2017-09-11,97.81,41.88
2017-09-12,98.22,41.95
2017-09-13,98.37,42.01
2017-09-14,98.33,42.03
2017-09-15,98.41,42.1
2017-09-18,98.58,42.18
2017-09-19,98.82,42.24
2017-09-20,98.91,42.26
2017-09-21,98.57,42.26
2017-09-22,98.54,42.24
2017-09-25,98.31,42.23
2017-09-26,98.31,42.26
2017-09-27,98.65,42.38
2017-09-28,98.77,42.39
2017-09-29,99.05,42.5
2017-10-02,99.51,42.69
2017-10-03,99.73,42.83
2017-10-04,99.73,42.86
2017-10-05,100.43,43.14
2017-10-06,100.29,43.02
2017-10-09,100.2,43.0
2017-10-10,100.45,43.06
2017-10-11,100.65,43.07
2017-10-12,100.32,43.04
2017-10-13,100.48,43.09
2017-10-16,100.73,43.09
2017-10-17,100.86,43.04
2017-10-18,100.97,43.09
2017-10-19,100.89,43.17
2017-10-20,101.28,43.45
2017-10-23,100.87,43.35
2017-10-24,100.99,43.4
2017-10-25,100.59,43.2
2017-10-26,100.6,43.33
2017-10-27,101.7,43.42
2017-10-30,101.39,43.26
2017-10-31,101.43,43.29
2017-11-01,101.7,43.37
2017-11-02,101.67,43.31
2017-11-03,102.03,43.5
2017-11-06,102.09,43.5
2017-11-07,102.1,43.5
2017-11-08,102.22,43.55
2017-11-09,101.97,43.49
2017-11-10,101.88,43.52
2017-11-13,101.92,43.54
2017-11-14,101.55,43.36
2017-11-15,101.04,43.18
2017-11-16,101.9,43.47
2017-11-17,101.5,43.47
2017-11-20,101.58,43.49
2017-11-21,102.36,43.72
2017-11-22,102.31,43.67
2017-11-24,102.55,43.78
2017-11-27,102.58,43.7
2017-11-28,103.6,44.07
2017-11-29,103.57,44.15
2017-11-30,104.41,44.61
2017-12-01,104.32,44.39
2017-12-04,104.29,44.57
2017-12-05,104.03,44.49
2017-12-06,104.03,44.28
2017-12-07,104.22,44.36
2017-12-08,104.79,44.63
2017-12-11,105.29,44.75
2017-12-12,105.66,44.88
2017-12-13,105.67,44.93
2017-12-14,105.34,44.82
2017-12-15,106.16,44.96
2017-12-18,106.76,45.2
2017-12-19,106.35,45.1
2017-12-20,106.23,45.17
2017-12-21,106.57,45.25
2017-12-22,106.46,45.21
2017-12-26,106.23,45.22
2017-12-27,106.32,45.2
2017-12-28,106.49,45.34
2017-12-29,106.08,45.33
2018-01-02,106.89,45.43
2018-01-03,107.51,45.73
2018-01-04,108.03,45.89
2018-01-05,108.8,46.07
2018-01-08,108.87,46.19
2018-01-09,109.19,46.37
2018-01-10,109.1,46.14
2018-01-11,109.83,46.52
2018-01-12,110.63,46.85
2018-01-16,110.36,46.67
2018-01-17,111.4,47.06
2018-01-18,111.27,46.92
2018-01-19,111.65,47.11
2018-01-22,112.65,47.42
2018-01-23,112.69,47.64
2018-01-24,112.64,47.66
2018-01-25,112.76,47.59
2018-01-26,114.16,48.06
2018-01-29,113.41,47.88
2018-01-30,112.19,47.35
2018-01-31,112.29,47.29
2018-02-01,112.26,47.29
2018-02-02,109.73,46.31
2018-02-05,104.9,44.51
2018-02-06,107.09,45.1
2018-02-07,106.51,45.45
2018-02-08,102.46,43.68
2018-02-09,103.98,43.56
2018-02-12,105.47,44.43
2018-02-13,105.77,44.69
2018-02-14,107.17,45.11
2018-02-15,108.53,45.47
2018-02-16,108.58,45.71
2018-02-20,107.81,45.32
2018-02-21,107.31,45.37
2018-02-22,107.47,45.02
2018-02-23,109.17,45.79
2018-02-26,110.72,46.27
2018-02-27,109.28,45.76
2018-02-28,107.96,45.42
2018-03-01,106.41,44.55
2018-03-02,106.83,44.8
2018-03-05,108.05,45.31
2018-03-06,108.07,45.39
2018-03-07,108.04,45.36
2018-03-08,108.58,45.51
2018-03-09,110.46,46.13
2018-03-12,110.35,46.36
2018-03-13,109.54,46.02
2018-03-14,108.92,45.68
2018-03-15,108.89,45.62
2018-03-16,108.84,45.78
2018-03-19,107.18,45.08
2018-03-20,107.26,45.19
2018-03-21,106.99,45.43
2018-03-22,104.17,44.26
2018-03-23,101.91,43.54
2018-03-26,104.79,44.47
2018-03-27,102.81,43.86
2018-03-28,102.67,43.85
2018-03-29,104.17,44.61
2018-04-02,101.76,43.19
2018-04-03,103.08,43.76
2018-04-04,104.31,44.4
2018-04-05,105.21,44.82
2018-04-06,102.9,43.82
2018-04-09,103.37,44.22
2018-04-10,105.13,44.54
2018-04-11,104.45,44.7
2018-04-12,105.4,44.88
2018-04-13,105.09,44.84
2018-04-16,105.84,45.36
2018-04-17,106.98,45.82
2018-04-18,106.87,45.95
2018-04-19,106.43,45.53
2018-04-20,105.4,45.12
2018-04-23,105.4,45.25
2018-04-24,103.89,44.76
2018-04-25,104.08,44.83
2018-04-26,105.31,45.4
2018-04-27,105.33,45.38
2018-04-30,104.53,45.35
2018-05-01,104.79,44.75
2018-05-02,104.13,44.58
2018-05-03,103.91,44.33
2018-05-04,105.37,44.89
2018-05-07,105.76,44.8
2018-05-08,105.76,44.7
2018-05-09,106.82,45.08
2018-05-10,107.86,45.48
2018-05-11,108.2,45.62
2018-05-14,108.41,45.61
2018-05-15,107.52,45.41
2018-05-16,107.99,45.67
2018-05-17,107.76,45.75
2018-05-18,107.45,45.69
2018-05-21,108.31,46.01
2018-05-22,108.06,45.81
2018-05-23,108.39,45.79
2018-05-24,108.08,45.7
2018-05-25,107.78,45.62
2018-05-29,106.53,45.04
2018-05-30,107.88,45.9
2018-05-31,107.37,45.42
2018-06-01,108.5,45.73
2018-06-04,109.05,45.87
2018-06-05,109.11,45.88
2018-06-06,110.12,46.19
2018-06-07,110.08,46.38
2018-06-08,110.3,46.33
2018-06-11,110.43,46.71
2018-06-12,110.52,46.58
2018-06-13,110.07,46.67
2018-06-14,110.42,46.61
2018-06-15,110.28,46.57
2018-06-18,110.0,46.46
2018-06-19,109.62,46.28
2018-06-20,109.81,46.39
2018-06-21,109.08,46.01
2018-06-22,109.26,46.51
2018-06-25,107.72,45.89
2018-06-26,107.99,46.01
2018-06-27,107.11,46.02
2018-06-28,107.94,45.74
2018-06-29,107.97,46.23
2018-07-02,108.37,45.88
2018-07-03,107.78,46.05
2018-07-05,108.74,46.14
2018-07-06,109.66,46.53
2018-07-09,110.8,46.8
2018-07-10,111.21,46.99
2018-07-11,110.53,46.63
2018-07-12,111.69,46.82
2018-07-13,111.79,46.95
2018-07-16,111.87,46.89
2018-07-17,112.27,47.07
2018-07-18,112.4,47.11
2018-07-19,111.85,46.93
2018-07-20,111.88,46.86
2018-07-23,112.16,46.72
2018-07-24,113.08,46.81
2018-07-25,114.01,47.33
2018-07-26,113.24,47.5
2018-07-27,112.58,47.72
2018-07-30,112.0,47.47
2018-07-31,112.35,47.6
2018-08-01,112.58,47.23
2018-08-02,113.17,47.16
2018-08-03,113.8,47.65
2018-08-06,114.28,47.78
2018-08-07,114.67,47.88
2018-08-08,114.66,47.82
2018-08-09,114.54,48.04
2018-08-10,113.74,47.45
2018-08-13,113.31,47.26
2018-08-14,113.92,47.47
2018-08-15,113.12,46.99
2018-08-16,114.13,47.56
2018-08-17,114.46,47.5
2018-08-20,114.63,47.91
2018-08-21,114.8,47.99
2018-08-22,114.87,47.92
2018-08-23,114.7,47.71
2018-08-24,115.38,48.05
2018-08-27,116.36,48.41
2018-08-28,116.35,48.31
2018-08-29,117.14,48.54
2018-08-30,116.74,48.36
2018-08-31,116.68,48.17
2018-09-04,116.48,48.12
2018-09-05,116.09,48.13
2018-09-06,115.64,48.35
2018-09-07,115.41,47.89
2018-09-10,115.5,48.13
2018-09-11,116.06,48.01
2018-09-12,116.06,48.27
2018-09-13,116.78,48.52
2018-09-14,116.7,48.43
2018-09-17,115.98,48.41
2018-09-18,116.65,48.74
2018-09-19,116.94,48.6
2018-09-20,117.94,48.95
2018-09-21,117.78,49.02
2018-09-24,117.52,48.84
2018-09-25,117.47,48.63
2018-09-26,117.14,48.8
2018-09-27,117.62,48.6
2018-09-28,117.52,48.62
2018-10-01,118.12,48.85
2018-10-02,118.19,48.94
2018-10-03,118.3,48.8
2018-10-04,117.29,48.61
2018-10-05,116.53,48.47
2018-10-08,116.61,48.56
2018-10-09,116.62,48.3
2018-10-10,112.74,47.14
2018-10-11,110.26,46.41
2018-10-12,112.01,46.09
2018-10-15,111.23,46.37
2018-10-16,113.58,47.1
2018-10-17,113.78,47.0
2018-10-18,112.09,46.42
2018-10-19,112.3,46.47
2018-10-22,111.89,46.14
2018-10-23,111.43,45.42
2018-10-24,107.77,44.73
2018-10-25,110.1,45.37
2018-10-26,108.0,44.47
2018-10-29,107.11,44.71
2018-10-30,108.5,44.99
2018-10-31,109.9,45.2
2018-11-01,110.86,45.87
2018-11-02,110.01,45.7
2018-11-05,110.71,46.03
2018-11-06,111.34,46.26
2018-11-07,113.83,46.47
2018-11-08,113.64,46.91
2018-11-09,112.57,46.84
2018-11-12,110.29,46.05
2018-11-13,110.02,45.97
2018-11-14,109.26,45.9
2018-11-15,110.45,46.11
2018-11-16,110.59,46.23
2018-11-19,108.74,45.71
2018-11-20,106.54,44.92
2018-11-21,106.7,45.27
2018-11-23,105.78,44.86
2018-11-26,107.54,45.22
2018-11-27,108.1,45.17
2018-11-28,110.81,46.04
2018-11-29,110.62,46.2
2018-11-30,111.53,46.29
2018-12-03,112.91,46.94
2018-12-04,109.21,45.58
2018-12-06,109.07,44.96
2018-12-07,106.42,44.61
2018-12-10,106.71,44.68
2018-12-11,106.71,44.66
2018-12-12,107.25,44.88
2018-12-13,107.4,44.83
2018-12-14,105.24,44.15
2018-12-17,103.11,43.2
2018-12-18,103.2,43.2
2018-12-19,101.48,42.64
2018-12-20,99.87,41.83
2018-12-21,97.66,41.33
2018-12-24,95.11,40.16
2018-12-26,100.04,41.82
2018-12-27,100.85,42.12
2018-12-28,100.71,42.15
2018-12-31,101.67,42.47
2019-01-02,102.0,42.57
2019-01-03,99.26,41.82
2019-01-04,102.78,43.18
2019-01-07,103.44,43.55
2019-01-08,104.37,43.94
2019-01-09,104.7,44.04
2019-01-10,104.9,44.37
2019-01-11,104.89,44.34
2019-01-14,104.37,44.15
2019-01-15,105.65,44.35
2019-01-16,105.87,44.46
2019-01-17,106.64,44.81
2019-01-18,107.89,45.38
2019-01-22,106.38,44.78
2019-01-23,106.7,44.84
2019-01-24,106.58,44.94
2019-01-25,107.37,45.33
2019-01-28,106.33,45.02
2019-01-29,106.02,45.11
2019-01-30,107.87,45.69
2019-01-31,108.88,46.15
2019-02-01,108.82,46.2
2019-02-04,109.7,46.4
2019-02-05,110.32,46.56
2019-02-06,110.11,46.49
2019-02-07,108.87,46.02
2019-02-08,108.84,46.0
2019-02-11,108.8,46.19
2019-02-12,110.24,46.77
2019-02-13,110.52,46.96
2019-02-14,110.24,46.93
2019-02-15,111.47,47.46
2019-02-19,111.65,47.65
2019-02-20,111.87,47.8
2019-02-21,111.48,47.58
2019-02-22,112.14,47.79
2019-02-25,112.45,47.88
2019-02-26,112.48,47.82
2019-02-27,112.41,47.74
2019-02-28,112.11,47.57
2019-03-01,112.92,47.81
2019-03-04,112.64,47.46
2019-03-05,112.65,47.51
2019-03-06,112.03,47.16
2019-03-07,111.08,46.77
2019-03-08,110.94,46.64
2019-03-11,112.64,47.29
2019-03-12,113.01,47.38
2019-03-13,113.82,47.74
2019-03-14,113.73,47.69
2019-03-15,114.33,47.88
2019-03-18,114.78,48.11
2019-03-19,114.86,47.96
2019-03-20,114.65,47.93
2019-03-21,115.8,48.39
2019-03-22,113.59,47.54
2019-03-25,113.45,47.46
2019-03-26,114.26,47.84
2019-03-27,113.68,47.64
2019-03-28,114.03,47.78
2019-03-29,114.73,48.09
2019-04-01,116.05,48.64
2019-04-02,116.12,48.51
2019-04-03,116.27,48.56
2019-04-04,116.61,48.73
2019-04-05,116.98,48.98
2019-04-08,117.16,49.06
2019-04-09,116.63,48.73
2019-04-10,116.93,48.94
2019-04-11,116.84,49.01
2019-04-12,117.6,49.37
2019-04-15,117.65,49.36
2019-04-16,117.99,49.43
2019-04-17,118.06,49.32
2019-04-18,118.19,49.37
2019-04-22,118.53,49.44
2019-04-23,119.48,49.74
2019-04-24,119.1,49.64
2019-04-25,119.22,49.45
2019-04-26,119.71,49.6
2019-04-29,120.02,49.7
2019-04-30,119.75,49.87
2019-05-01,119.12,49.41
2019-05-02,118.67,49.24
2019-05-03,119.95,49.73
2019-05-06,119.45,49.49
2019-05-07,117.43,48.76
2019-05-08,117.25,48.67
2019-05-09,116.77,48.48
2019-05-10,117.24,48.66
2019-05-13,114.29,47.78
2019-05-14,115.17,48.2
2019-05-15,116.09,48.38
2019-05-16,117.25,48.75
2019-05-17,116.54,48.56
2019-05-20,115.75,48.28
2019-05-21,116.65,48.66
2019-05-22,116.32,48.5
2019-05-23,114.87,47.86
2019-05-24,115.15,47.95
2019-05-28,114.1,47.45
2019-05-29,113.29,47.15
2019-05-30,113.51,47.11
2019-05-31,111.78,46.48
2019-06-03,111.01,46.8
2019-06-04,113.5,47.74
2019-06-05,114.32,48.04
2019-06-06,115.19,48.38
2019-06-07,116.54,48.79
2019-06-10,117.17,48.95
2019-06-11,117.24,48.94
2019-06-12,116.97,48.82
2019-06-13,117.54,49.02
2019-06-14,117.43,49.01
2019-06-17,117.68,48.9
2019-06-18,118.85,49.24
2019-06-19,119.01,49.46
2019-06-20,120.18,50.01
2019-06-21,120.15,49.97
2019-06-24,120.01,49.77
2019-06-25,118.73,49.48
2019-06-26,118.72,49.5
2019-06-27,119.03,49.68
2019-06-28,119.45,49.84
2019-07-01,120.53,50.23
2019-07-02,121.01,50.29
2019-07-03,121.95,50.69
2019-07-05,121.78,50.54
2019-07-08,121.14,50.35
2019-07-09,121.4,50.42
2019-07-10,122.16,50.53
2019-07-11,122.36,50.68
2019-07-12,122.87,50.96
2019-07-15,122.97,50.94
2019-07-16,122.5,50.87
2019-07-17,121.72,50.54
2019-07-18,122.08,50.67
2019-07-19,121.37,50.46
2019-07-22,121.76,50.53
2019-07-23,122.53,50.92
2019-07-24,123.11,51.2
2019-07-25,122.56,50.96
2019-07-26,123.6,51.31
2019-07-29,123.41,51.23
2019-07-30,122.94,51.03
2019-07-31,121.42,50.57
2019-08-01,120.44,50.02
2019-08-02,119.61,49.69
2019-08-05,115.92,48.36
2019-08-06,117.54,48.85
2019-08-07,117.49,48.85
2019-08-08,119.77,49.61
2019-08-09,118.9,49.35
2019-08-12,117.49,48.72
2019-08-13,119.43,49.32
2019-08-14,115.91,48.0
2019-08-15,116.12,47.99
2019-08-16,117.91,48.74
2019-08-19,119.39,49.35
2019-08-20,118.4,48.93
2019-08-21,119.46,49.35
2019-08-22,119.36,49.46
2019-08-23,116.19,47.99
2019-08-26,117.6,48.55
2019-08-27,117.16,48.49
2019-08-28,118.02,48.83
2019-08-29,119.48,49.41
2019-08-30,119.38,49.52
2019-09-03,118.63,49.16
2019-09-04,120.06,49.76
2019-09-05,121.73,50.44
2019-09-06,121.73,50.47
2019-09-09,121.83,50.71
2019-09-10,121.87,50.75
2019-09-11,122.84,51.16
2019-09-12,123.28,51.27
2019-09-13,123.13,51.31
2019-09-16,122.53,51.14
2019-09-17,122.84,51.17
2019-09-18,122.95,51.09
2019-09-19,122.98,51.07
2019-09-20,122.22,50.96
2019-09-23,122.27,50.9
2019-09-24,121.15,50.43
2019-09-25,122.07,50.73
2019-09-26,121.67,50.57
2019-09-27,121.14,50.44
2019-09-30,121.78,50.68
2019-10-01,120.35,49.95
2019-10-02,118.23,48.97
2019-10-03,119.3,49.3
2019-10-04,121.02,50.01
2019-10-07,120.56,49.89
2019-10-08,118.76,49.06
2019-10-09,119.9,49.45
2019-10-10,120.72,49.79
2019-10-11,121.87,50.38
2019-10-14,121.8,50.3
2019-10-15,123.11,50.79
2019-10-16,122.94,50.7
2019-10-17,123.29,50.51
2019-10-18,122.45,50.72
2019-10-21,123.42,50.97
2019-10-22,123.07,51.15
2019-10-23,123.39,51.14
2019-10-24,123.56,51.19
2019-10-25,124.22,51.46
2019-10-28,125.15,51.69
2019-10-29,124.8,51.6
2019-10-30,125.3,51.85
2019-10-31,125.18,51.67
2019-11-01,126.33,52.29
2019-11-04,126.93,52.68
2019-11-05,126.94,52.72
2019-11-06,126.94,52.69
2019-11-07,127.53,52.84
2019-11-08,127.96,53.03
2019-11-11,127.69,52.98
2019-11-12,127.9,53.06
2019-11-13,127.93,52.95
2019-11-14,127.94,52.93
2019-11-15,128.92,53.26
2019-11-18,129.03,53.28
2019-11-19,128.81,53.19
2019-11-20,128.3,53.05
2019-11-21,128.29,53.02
2019-11-22,128.57,53.21
2019-11-25,129.53,53.59
2019-11-26,129.82,53.63
2019-11-27,130.42,53.86
2019-11-29,129.96,53.66
2019-12-02,128.97,53.27
2019-12-03,128.0,52.8
2019-12-04,128.85,53.19
2019-12-05,129.06,53.24
2019-12-06,130.34,53.77
2019-12-09,129.99,53.74
2019-12-10,129.87,53.58
2019-12-11,130.22,53.71
2019-12-12,131.31,54.32
2019-12-13,131.41,54.26
2019-12-16,132.4,54.6
2019-12-17,132.44,54.66
2019-12-18,132.35,54.62
2019-12-19,132.96,54.7
2019-12-20,133.43,55.06
2019-12-23,133.71,55.09
2019-12-24,133.67,55.06
2019-12-26,134.62,55.18
2019-12-27,134.61,55.24
2019-12-30,133.79,54.92
2019-12-31,134.06,55.02
2020-01-02,135.66,55.48
2020-01-03,134.5,55.22
2020-01-06,135.12,55.27
2020-01-07,134.62,55.14
2020-01-08,135.4,55.38
2020-01-09,136.48,55.69
2020-01-10,136.08,55.49
2020-01-13,137.1,55.82
2020-01-14,136.78,55.85
2020-01-15,137.06,55.93
2020-01-16,138.07,56.23
2020-01-17,138.61,56.36
2020-01-21,138.31,56.15
2020-01-22,138.42,56.22
2020-01-23,138.44,56.23
2020-01-24,137.24,55.71
2020-01-27,135.07,54.89
2020-01-28,136.47,55.27
2020-01-29,136.59,55.12
2020-01-30,136.97,55.15
2020-01-31,134.62,54.2
2020-02-03,135.72,54.53
2020-02-04,137.84,55.27
2020-02-05,139.38,56.08
2020-02-06,140.12,56.29
2020-02-07,139.61,56.01
2020-02-10,140.77,56.27
2020-02-11,140.54,56.47
2020-02-12,141.47,56.83
2020-02-13,141.08,56.64
2020-02-14,141.31,56.6
2020-02-18,140.88,56.35
2020-02-19,141.68,56.7
2020-02-20,140.88,56.52
2020-02-21,139.27,56.1
2020-02-24,134.37,54.33
2020-02-25,130.39,52.49
2020-02-26,130.15,52.25
2020-02-27,124.02,50.23
2020-02-28,123.62,49.29
2020-03-02,129.64,51.5
2020-03-03,125.5,50.23
2020-03-04,130.94,52.27
2020-03-05,126.54,50.49
2020-03-06,124.57,49.79
2020-03-09,115.23,45.88
2020-03-10,121.47,47.63
2020-03-11,115.66,45.39
2020-03-12,104.78,41.18
2020-03-13,115.44,44.24
2020-03-16,102.05,39.75
2020-03-17,108.31,41.66
2020-03-18,104.06,39.67
2020-03-19,104.11,40.05
2020-03-20,99.28,37.99
2020-03-23,97.15,37.34
2020-03-24,105.18,40.43
2020-03-25,106.0,41.36
2020-03-26,112.27,43.78
2020-03-27,108.49,42.47
2020-03-30,112.5,43.63
2020-03-31,110.95,43.0
2020-04-01,106.21,41.07
2020-04-02,109.17,42.14
2020-04-03,107.67,41.55
2020-04-06,114.59,44.32
2020-04-07,114.24,44.4
2020-04-08,117.65,45.67
2020-04-09,118.92,46.41
2020-04-13,118.46,45.84
2020-04-14,122.28,47.06
2020-04-15,120.08,45.87
2020-04-16,120.83,46.11
2020-04-17,123.44,47.46
2020-04-20,121.46,46.69
2020-04-21,117.72,45.34
2020-04-22,120.41,46.25
2020-04-23,120.46,46.18
2020-04-24,122.04,46.76
2020-04-27,123.36,47.77
2020-04-28,122.17,47.84
2020-04-29,125.36,49.09
2020-04-30,124.89,48.17
2020-05-01,121.76,46.67
2020-05-04,122.29,46.71
2020-05-05,123.25,47.11
2020-05-06,122.78,46.52
2020-05-07,124.01,47.1
2020-05-08,125.79,48.09
2020-05-11,126.08,47.96
2020-05-12,123.79,47.0
2020-05-13,121.89,45.86
2020-05-14,123.29,46.42
2020-05-15,123.97,46.6
2020-05-18,127.03,48.58
2020-05-19,125.84,47.95
2020-05-20,127.97,48.63
2020-05-21,127.07,48.35
2020-05-22,127.23,48.37
2020-05-26,128.38,49.41
2020-05-27,129.91,50.43
2020-05-28,129.5,50.25
2020-05-29,130.12,50.19
2020-06-01,130.55,50.48
2020-06-02,131.47,50.93
2020-06-03,132.83,52.07
2020-06-04,132.48,52.21
2020-06-05,135.71,54.01
2020-06-08,137.27,55.19
2020-06-09,136.9,54.36
2020-06-10,136.72,53.49
2020-06-11,129.18,49.86
2020-06-12,130.55,50.78
2020-06-15,131.54,51.11
2020-06-16,134.12,52.02
2020-06-17,133.64,51.77
2020-06-18,133.87,51.74
2020-06-19,133.24,51.57
2020-06-22,134.44,51.52
2020-06-23,135.24,51.69
2020-06-24,132.08,50.2
2020-06-25,133.65,50.77
2020-06-26,129.95,49.5
2020-06-29,131.84,50.18
2020-06-30,133.73,51.03
2020-07-01,134.75,51.06
2020-07-02,135.43,51.24
2020-07-06,138.0,52.02
2020-07-07,136.71,51.39
2020-07-08,137.99,51.61
2020-07-09,137.59,50.79
2020-07-10,139.02,51.72
2020-07-13,137.69,51.43
2020-07-14,139.29,52.25
2020-07-15,139.92,52.82
2020-07-16,139.33,52.82
2020-07-17,139.41,52.87
2020-07-20,141.21,52.75
2020-07-21,141.02,53.09
2020-07-22,141.64,53.41
2020-07-23,139.27,53.0
2020-07-24,138.45,52.53
2020-07-27,139.48,52.84
2020-07-28,138.67,52.75
2020-07-29,140.0,53.21
2020-07-30,139.7,52.79
2020-07-31,141.32,52.61
2020-08-03,142.62,53.02
2020-08-04,143.11,53.23
2020-08-05,144.19,53.69
2020-08-06,145.73,53.83
2020-08-07,145.45,54.3
2020-08-10,145.65,54.76
2020-08-11,144.34,54.57
2020-08-12,146.63,55.15
2020-08-13,146.33,54.82
2020-08-14,146.3,54.91
2020-08-17,146.8,54.88
2020-08-18,147.58,54.85
2020-08-19,146.96,54.7
2020-08-20,147.9,54.6
2020-08-21,148.82,54.63
2020-08-24,150.27,55.39
2020-08-25,150.85,55.51
2020-08-26,153.23,55.77
2020-08-27,153.4,56.06
2020-08-28,154.23,56.48
2020-08-31,153.92,56.22
2020-09-01,155.58,56.22
2020-09-02,157.72,57.3
2020-09-03,151.55,55.78
2020-09-04,150.55,55.64
2020-09-08,145.49,54.42
2020-09-09,148.71,55.28
2020-09-10,145.96,54.36
2020-09-11,145.78,54.59
2020-09-14,147.48,55.34
2020-09-15,148.41,55.43
2020-09-16,147.15,55.64
2020-09-17,145.81,55.25
2020-09-18,143.96,54.8
2020-09-21,143.0,53.64
2020-09-22,144.71,53.92
2020-09-23,141.18,52.79
2020-09-24,141.51,52.85
2020-09-25,143.84,53.41
2020-09-28,146.27,54.25
2020-09-29,145.42,53.91
2020-09-30,146.83,54.5
2020-10-01,147.8,54.5
2020-10-02,145.62,54.4
2020-10-05,148.31,55.3
2020-10-06,145.95,54.72
2020-10-07,148.52,55.74
2020-10-08,149.51,56.33
2020-10-09,151.19,56.52
2020-10-12,154.27,57.14
2020-10-13,153.33,56.78
2020-10-14,152.13,56.45
2020-10-15,151.78,56.42
2020-10-16,151.56,56.64
2020-10-19,149.09,55.77
2020-10-20,149.75,56.14
2020-10-21,149.54,55.81
2020-10-22,150.16,56.32
2020-10-23,150.48,56.32
2020-10-26,147.92,55.12
2020-10-27,147.8,54.61
2020-10-28,142.32,52.84
2020-10-29,144.1,53.47
2020-10-30,142.17,52.95
2020-11-02,143.22,53.92
2020-11-03,145.41,54.92
2020-11-04,149.88,55.65
2020-11-05,152.86,56.63
2020-11-06,152.83,56.44
2020-11-09,153.48,58.3
2020-11-10,153.23,58.69
2020-11-11,154.74,58.75
2020-11-12,153.38,57.96
2020-11-13,155.17,59.09
2020-11-16,156.84,60.07
2020-11-17,156.01,59.96
2020-11-18,154.22,59.45
2020-11-19,154.85,59.59
2020-11-20,153.7,59.31
2020-11-23,154.22,60.17
2020-11-24,156.92,61.59
2020-11-25,156.86,61.29
2020-11-27,157.23,61.18
2020-11-30,156.66,60.5
2020-12-01,158.49,61.08
2020-12-02,159.04,61.46
2020-12-03,158.81,61.55
2020-12-04,159.9,62.51
2020-12-07,159.66,62.19
2020-12-08,160.11,62.47
2020-12-09,158.6,62.5
2020-12-10,158.6,62.43
2020-12-11,158.61,62.11
2020-12-14,157.77,61.62
2020-12-15,159.77,62.23
2020-12-16,160.22,62.25
2020-12-17,160.92,62.45
2020-12-18,159.77,62.28
2020-12-21,159.94,61.82
2020-12-22,159.59,61.45
2020-12-23,159.53,61.85
2020-12-24,160.28,61.82
2020-12-28,162.08,62.09
2020-12-29,161.99,62.03
2020-12-30,161.73,62.22
2020-12-31,162.49,62.68
2021-01-04,160.42,61.87
2021-01-05,161.39,62.38
2021-01-06,161.37,63.36
2021-01-07,163.91,64.06
2021-01-08,165.25,64.34
2021-01-11,163.8,64.36
2021-01-12,163.56,64.69
2021-01-13,164.42,64.79
2021-01-14,163.52,64.92
2021-01-15,162.27,64.26
2021-01-19,163.66,64.75
2021-01-20,166.58,65.3
2021-01-21,167.14,65.0
2021-01-22,166.83,64.71
2021-01-25,167.85,64.63
2021-01-26,167.79,64.42
2021-01-27,163.97,62.85
2021-01-28,165.02,63.68
2021-01-29,161.68,62.65
2021-02-01,164.09,62.99
2021-02-02,166.49,63.97
2021-02-03,166.93,64.09
2021-02-04,168.7,64.84
2021-02-05,169.35,65.22
2021-02-08,170.38,65.79
2021-02-09,170.06,65.8
2021-02-10,169.78,65.78
2021-02-11,170.05,65.78
2021-02-12,170.54,66.1
2021-02-16,170.5,66.22
2021-02-17,170.67,66.4
2021-02-18,169.9,65.98
2021-02-19,168.81,65.87
2021-02-22,167.22,66.0
2021-02-23,167.36,66.07
2021-02-24,168.81,67.1
2021-02-25,164.79,65.72
2021-02-26,163.83,65.18
2021-03-01,167.89,66.31
2021-03-02,166.45,66.17
2021-03-03,164.11,65.84
2021-03-04,162.44,64.94
2021-03-05,165.18,66.27
2021-03-08,163.85,66.63
2021-03-09,166.72,66.92
2021-03-10,167.62,67.69
2021-03-11,169.54,67.92
2021-03-12,169.35,68.35
2021-03-15,170.1,68.52
2021-03-16,170.24,68.26
2021-03-17,170.85,68.56
2021-03-18,168.04,67.99
2021-03-19,167.73,67.88
2021-03-22,169.49,68.11
2021-03-23,168.71,67.47
2021-03-24,167.4,67.35
2021-03-25,167.95,67.94
2021-03-26,170.35,69.04
2021-03-29,170.69,69.21
2021-03-30,169.94,68.93
2021-03-31,170.8,69.12
2021-04-01,172.73,69.47
2021-04-05,175.54,70.38
2021-04-06,175.38,70.23
2021-04-07,176.13,70.37
2021-04-08,177.14,70.37
2021-04-09,178.59,70.77
2021-04-12,178.58,70.88
2021-04-13,179.42,70.94
2021-04-14,178.33,70.84
2021-04-15,180.5,71.43
2021-04-16,181.11,71.76
2021-04-19,180.26,71.37
2021-04-20,178.9,70.85
2021-04-21,180.05,71.44
2021-04-22,178.18,70.78
2021-04-23,180.03,71.36
2021-04-26,180.36,71.35
2021-04-27,180.22,71.54
2021-04-28,180.18,71.53
2021-04-29,181.43,72.01
2021-04-30,180.35,71.61
2021-05-03,180.67,72.1
2021-05-04,179.13,71.93
2021-05-05,179.43,72.18
2021-05-06,181.01,72.88
2021-05-07,182.1,73.45
2021-05-10,179.92,73.15
2021-05-11,178.48,72.32
2021-05-12,174.78,71.03
2021-05-13,176.71,72.05
2021-05-14,179.54,72.95
2021-05-17,179.0,72.85
2021-05-18,177.48,72.32
2021-05-19,177.06,71.96
2021-05-20,179.12,72.67
2021-05-21,178.93,72.86
2021-05-24,181.17,73.39
2021-05-25,180.63,73.0
2021-05-26,181.01,73.11
2021-05-27,180.78,73.46
2021-05-28,181.06,73.56
2021-06-01,180.52,73.56
2021-06-02,180.95,73.64
2021-06-03,180.13,73.73
2021-06-04,182.0,74.22
2021-06-07,182.26,74.44
2021-06-08,182.18,74.3
2021-06-09,181.99,74.14
2021-06-10,183.12,74.29
2021-06-11,183.39,74.29
2021-06-14,184.23,74.28
2021-06-15,183.57,74.21
2021-06-16,182.85,73.71
2021-06-17,183.32,73.31
2021-06-18,181.11,72.31
2021-06-21,183.36,73.27
2021-06-22,184.47,73.53
2021-06-23,184.21,73.41
2021-06-24,185.28,73.79
2021-06-25,185.61,74.25
2021-06-28,186.5,74.14
2021-06-29,186.61,74.06
2021-06-30,186.81,74.32
2021-07-01,187.74,74.65
2021-07-02,189.55,75.04
2021-07-06,189.55,74.49
2021-07-07,190.42,74.7
2021-07-08,189.11,74.08
2021-07-09,190.8,75.05
2021-07-12,191.5,75.46
2021-07-13,191.36,74.96
2021-07-14,192.0,75.06
2021-07-15,191.07,74.93
2021-07-16,189.6,74.35
2021-07-19,186.79,73.13
2021-07-20,189.25,74.32
2021-07-21,190.68,74.88
2021-07-22,191.41,74.89
2021-07-23,193.61,75.36
2021-07-26,194.02,75.59
2021-07-27,192.73,75.38
2021-07-28,192.6,75.33
2021-07-29,193.04,75.69
2021-07-30,191.5,75.27
2021-08-02,191.36,75.12
2021-08-03,192.7,75.75
2021-08-04,191.88,75.18
2021-08-05,193.28,75.68
2021-08-06,193.44,75.98
2021-08-09,193.3,75.89
2021-08-10,193.37,76.23
2021-08-11,193.86,76.66
2021-08-12,194.78,76.84
2021-08-13,195.33,76.85
2021-08-16,195.84,77.05
2021-08-17,194.35,76.58
2021-08-18,192.25,75.85
2021-08-19,192.66,75.62
2021-08-20,194.48,76.2
2021-08-23,196.23,76.66
2021-08-24,196.47,76.83
2021-08-25,196.55,76.98
2021-08-26,195.49,76.54
2021-08-27,197.08,77.1
2021-08-30,198.45,77.18
2021-08-31,198.15,77.14
2021-09-01,198.15,76.96
2021-09-02,198.43,77.28
2021-09-03,198.84,77.17
2021-09-07,198.42,76.73
2021-09-08,198.12,76.67
2021-09-09,197.11,76.25
2021-09-10,195.31,75.87
2021-09-13,195.89,76.09
2021-09-14,194.75,75.42
2021-09-15,196.39,76.1
2021-09-16,196.08,75.93
2021-09-17,194.17,75.46
2021-09-20,190.77,74.24
2021-09-21,190.79,74.22
2021-09-22,192.35,74.76
2021-09-23,194.51,75.79
2021-09-24,195.03,75.87
2021-09-27,194.26,75.93
2021-09-28,190.23,74.87
2021-09-29,190.58,75.14
2021-09-30,188.6,74.2
2021-10-01,191.04,74.97
2021-10-04,188.09,74.37
2021-10-05,190.31,75.13
2021-10-06,191.51,75.28
2021-10-07,192.9,75.78
2021-10-08,192.76,75.84
2021-10-11,191.2,75.25
2021-10-12,190.46,75.03
2021-10-13,191.01,75.16
2021-10-14,194.07,76.23
2021-10-15,195.98,76.87
2021-10-18,196.8,76.77
2021-10-19,198.26,77.23
2021-10-20,198.85,77.69
2021-10-21,199.08,77.66
2021-10-22,198.42,77.87
2021-10-25,199.66,78.08
2021-10-26,200.14,78.24
2021-10-27,200.07,77.3
2021-10-28,201.73,77.88
2021-10-29,202.68,77.95
2021-11-01,202.66,78.27
2021-11-02,203.5,78.7
2021-11-03,205.15,79.32
2021-11-04,206.59,79.42
2021-11-05,207.21,79.86
2021-11-08,207.14,79.98
2021-11-09,206.03,79.59
2021-11-10,204.41,79.45
2021-11-11,204.3,79.37
2021-11-12,205.89,79.65
2021-11-15,205.83,79.56
2021-11-16,206.71,79.65
2021-11-17,206.3,79.35
2021-11-18,207.46,79.17
2021-11-19,207.51,78.6
2021-11-22,206.76,78.97
2021-11-23,206.91,79.28
2021-11-24,207.35,79.3
2021-11-26,202.86,77.45
2021-11-29,205.51,78.01
2021-11-30,202.31,76.16
2021-12-01,200.07,75.55
2021-12-02,202.23,76.66
2021-12-03,200.41,76.45
2021-12-06,202.64,77.5
2021-12-07,206.74,78.55
2021-12-08,207.4,78.54
2021-12-09,206.18,78.27
2021-12-10,208.55,78.98
2021-12-13,206.48,78.42
2021-12-14,205.05,78.1
2021-12-15,208.57,79.1
2021-12-16,206.26,79.32
2021-12-17,203.97,78.23
2021-12-20,201.87,77.45
2021-12-21,205.21,78.43
2021-12-22,207.53,78.99
2021-12-23,208.67,79.62
2021-12-27,211.64,80.28
2021-12-28,211.28,80.37
2021-12-29,211.54,80.65
2021-12-30,210.7,80.45
2021-12-31,209.9,80.42
2022-01-03,212.3,80.89
2022-01-04,211.64,81.63
2022-01-05,207.47,80.8
2022-01-06,207.04,80.8
2022-01-07,206.63,80.93
2022-01-10,206.36,80.69
2022-01-11,208.2,81.27
2022-01-12,208.89,81.35
2022-01-13,205.41,80.91
2022-01-14,205.74,80.79
2022-01-18,202.02,79.49
2022-01-19,200.04,78.81
2022-01-20,197.79,77.93
2022-01-21,193.5,76.82
2022-01-24,194.06,76.74
2022-01-25,191.89,76.58
2022-01-26,191.89,75.99
2022-01-27,191.29,76.01
2022-01-28,196.44,77.26
2022-01-31,200.16,78.33
2022-02-01,201.67,79.15
2022-02-02,203.42,79.57
2022-02-03,197.88,78.19
2022-02-04,199.39,78.28
2022-02-07,198.3,78.06
2022-02-08,199.8,78.69
2022-02-09,202.19,79.36
2022-02-10,198.69,78.24
2022-02-11,194.35,77.28
2022-02-14,194.22,76.83
2022-02-15,197.3,77.71
2022-02-16,197.63,77.81
2022-02-17,193.22,76.47
2022-02-18,191.75,76.21
2022-02-22,189.38,75.38
2022-02-23,185.8,74.36
2022-02-24,188.6,74.5
2022-02-25,192.65,76.44
2022-02-28,192.47,76.04
2022-03-01,189.67,74.89
2022-03-02,192.72,76.24
2022-03-03,191.59,75.95
2022-03-04,189.65,75.44
2022-03-07,184.24,73.76
2022-03-08,182.86,73.26
2022-03-09,187.98,74.64
2022-03-10,187.02,74.46
2022-03-11,184.65,73.83
2022-03-14,182.99,73.69
2022-03-15,187.48,74.88
2022-03-16,191.7,75.98
2022-03-17,193.91,76.82
2022-03-18,196.35,77.4
2022-03-21,196.48,77.1
2022-03-22,199.16,77.89
2022-03-23,196.8,76.85
2022-03-24,199.84,77.67
2022-03-25,200.54,78.09
2022-03-28,202.33,78.38
2022-03-29,204.59,79.38
2022-03-30,203.45,78.98
2022-03-31,200.34,77.95
2022-04-01,200.5,77.98
2022-04-04,202.86,78.22
2022-04-05,200.24,77.36
2022-04-06,197.41,77.02
2022-04-07,198.5,77.33
2022-04-08,197.35,77.32
2022-04-11,193.39,76.5
2022-04-12,193.02,76.28
2022-04-13,195.13,76.89
2022-04-14,192.38,76.5
2022-04-18,192.31,76.23
2022-04-19,195.58,77.53
2022-04-20,194.53,77.43
2022-04-21,191.87,76.61
2022-04-22,186.75,74.63
2022-04-25,188.21,74.77
2022-04-26,182.38,72.99
2022-04-27,182.56,72.91
2022-04-28,187.8,74.3
2022-04-29,180.38,71.78
2022-05-02,181.9,72.24
2022-05-03,182.49,72.62
2022-05-04,188.16,74.85
2022-05-05,181.06,72.72
2022-05-06,180.45,72.58
2022-05-09,174.92,70.87
2022-05-10,175.55,70.6
2022-05-11,172.35,69.88
2022-05-12,171.66,69.87
2022-05-13,175.64,71.08
2022-05-16,175.03,71.08
2022-05-17,178.5,72.5
2022-05-18,171.12,69.68
2022-05-19,169.6,69.17
2022-05-20,169.57,69.24
2022-05-23,173.05,70.41
2022-05-24,171.47,70.3
2022-05-25,172.9,71.0
2022-05-26,176.21,72.13
2022-05-27,180.64,73.39
2022-05-31,180.07,73.11
2022-06-01,179.02,72.57
2022-06-02,182.26,73.64
2022-06-03,178.89,72.82
2022-06-06,179.49,72.93
2022-06-07,181.1,73.53
2022-06-08,179.5,72.6
2022-06-09,175.27,71.14
2022-06-10,169.91,69.24
2022-06-13,163.48,66.77
2022-06-14,163.11,66.56
2022-06-15,165.85,67.25
2022-06-16,160.85,65.27
2022-06-17,161.23,65.73
2022-06-21,165.56,66.89
2022-06-22,165.27,66.82
2022-06-23,167.04,67.1
2022-06-24,172.2,69.13
2022-06-27,171.48,68.88
2022-06-28,167.55,67.84
2022-06-29,167.83,67.65
2022-06-30,166.21,67.17
2022-07-01,167.74,67.81
2022-07-05,168.61,67.54
2022-07-06,169.34,67.57
2022-07-07,171.94,68.48
2022-07-08,171.97,68.4
2022-07-11,169.75,67.65
2022-07-12,168.23,67.39
2022-07-13,167.44,67.09
2022-07-14,167.38,66.67
2022-07-15,170.45,68.01
2022-07-18,168.99,67.66
2022-07-19,173.32,69.45
2022-07-20,174.47,69.73
2022-07-21,176.37,70.24
2022-07-22,174.5,69.8
2022-07-25,174.36,70.09
2022-07-26,171.85,69.39
2022-07-27,176.98,70.74
2022-07-28,178.66,71.32
2022-07-29,181.73,72.01
2022-08-01,181.19,72.08
2022-08-02,179.86,71.42
2022-08-03,183.36,72.55
2022-08-04,183.11,72.29
2022-08-05,182.44,72.25
2022-08-08,182.04,72.32
2022-08-09,181.4,72.0
2022-08-10,185.3,73.5
2022-08-11,185.03,73.72
2022-08-12,188.24,74.84
2022-08-15,189.26,75.13
2022-08-16,189.69,75.56
2022-08-17,188.41,74.94
2022-08-18,188.76,75.03
2022-08-19,186.27,74.25
2022-08-22,182.15,72.53
2022-08-23,181.63,72.39
2022-08-24,181.96,72.65
2022-08-25,184.48,73.61
2022-08-26,178.1,71.32
2022-08-29,176.8,70.85
2022-08-30,174.9,70.26
2022-08-31,173.57,69.75
2022-09-01,174.3,70.08
2022-09-02,172.29,69.11
2022-09-06,171.37,68.93
2022-09-07,174.12,70.2
2022-09-08,175.0,70.61
2022-09-09,177.94,71.68
2022-09-12,180.12,72.24
2022-09-13,171.7,69.32
2022-09-14,172.76,69.51
2022-09-15,170.58,68.99
2022-09-16,169.48,68.46
2022-09-19,170.8,68.79
2022-09-20,169.21,67.84
2022-09-21,166.26,66.86
2022-09-22,165.26,66.2
2022-09-23,162.39,64.99
2022-09-26,161.21,64.2
2022-09-27,160.78,63.87
2022-09-28,163.57,65.21
2022-09-29,160.01,63.85
2022-09-30,157.28,62.86
2022-10-03,160.68,64.41
2022-10-04,165.43,66.52
2022-10-05,165.28,66.25
2022-10-06,163.71,65.52
2022-10-07,158.81,63.87
2022-10-10,157.66,63.5
2022-10-11,156.33,63.16
2022-10-12,156.11,63.04
2022-10-13,160.43,64.89
2022-10-14,157.01,63.78
2022-10-17,161.22,65.03
2022-10-18,163.01,65.92
2022-10-19,162.02,65.54
2022-10-20,160.88,65.01
2022-10-21,164.77,66.54
2022-10-24,166.89,67.2
2022-10-25,169.29,68.33
2022-10-26,167.25,68.73
2022-10-27,165.6,68.42
2022-10-28,169.8,70.18
2022-10-31,168.14,69.7
2022-11-01,167.11,69.75
2022-11-02,162.97,68.43
2022-11-03,160.73,67.98
2022-11-04,163.02,69.02
2022-11-07,164.73,69.81
2022-11-08,165.5,70.29
2022-11-09,161.85,68.94
2022-11-10,170.96,72.14
2022-11-11,172.81,72.81
2022-11-14,171.72,72.37
2022-11-15,173.22,72.83
2022-11-16,171.83,72.24
2022-11-17,171.73,71.92
2022-11-18,172.15,72.29
2022-11-21,171.1,72.38
2022-11-22,173.32,73.29
2022-11-23,174.64,73.53
2022-11-25,174.64,73.64
2022-11-28,171.86,72.61
2022-11-29,171.34,72.74
2022-11-30,176.75,74.49
2022-12-01,176.66,74.43
2022-12-02,176.5,74.39
2022-12-05,173.5,73.16
2022-12-06,170.64,72.25
2022-12-07,169.84,72.23
2022-12-08,171.24,72.6
2022-12-09,170.37,72.24
2022-12-12,172.79,73.21
2022-12-13,174.14,73.67
2022-12-14,173.02,73.2
2022-12-15,168.63,71.36
2022-12-16,166.61,70.84
2022-12-19,165.06,70.35
2022-12-20,165.14,70.38
2022-12-21,167.6,71.46
2022-12-22,164.95,70.58
2022-12-23,165.81,71.01
2022-12-27,164.89,71.07
2022-12-28,162.83,70.32
2022-12-29,165.93,71.36
2022-12-30,165.77,71.2
2023-01-03,165.05,71.36
2023-01-04,165.67,72.21
2023-01-05,163.96,71.69
2023-01-06,167.41,73.27
2023-01-09,167.34,73.15
2023-01-10,168.67,73.61
2023-01-11,170.86,74.2
2023-01-12,171.4,74.58
2023-01-13,172.33,74.85
2023-01-17,172.1,74.55
2023-01-18,169.28,73.06
2023-01-19,168.17,72.52
2023-01-20,171.67,73.59
2023-01-23,173.63,74.55
2023-01-24,173.56,74.39
2023-01-25,173.43,74.48
2023-01-26,175.55,75.03
2023-01-27,176.38,75.2
2023-01-30,173.92,74.38
2023-01-31,176.37,75.53
2023-02-01,178.47,76.28
2023-02-02,181.76,77.0
2023-02-03,180.12,76.32
2023-02-06,179.14,76.01
2023-02-07,181.71,76.62
2023-02-08,179.44,75.89
2023-02-09,177.86,75.25
2023-02-10,177.97,75.45
2023-02-13,180.19,76.31
2023-02-14,180.33,76.3
2023-02-15,180.81,76.3
2023-02-16,178.11,75.46
2023-02-17,177.53,75.29
2023-02-21,173.89,73.82
2023-02-22,173.9,73.63
2023-02-23,174.77,73.95
2023-02-24,172.76,73.3
2023-02-27,173.4,73.52
2023-02-28,172.63,73.3
2023-03-01,171.77,73.02
2023-03-02,173.07,73.59
2023-03-03,176.21,74.72
2023-03-06,176.71,74.67
2023-03-07,174.06,73.46
2023-03-08,174.25,73.54
2023-03-09,171.05,72.01
2023-03-10,169.21,70.99
2023-03-13,169.36,70.57
2023-03-14,172.36,71.78
2023-03-15,172.07,71.17
2023-03-16,175.61,72.11
2023-03-17,174.03,71.15
2023-03-20,175.18,71.95
2023-03-21,177.67,72.91
2023-03-22,175.11,71.59
2023-03-23,176.02,71.58
2023-03-24,176.95,71.91
2023-03-27,176.9,72.32
2023-03-28,176.26,72.32
2023-03-29,178.74,73.31
2023-03-30,179.85,73.66
2023-03-31,182.44,74.67
2023-04-03,183.27,74.96
2023-04-04,182.78,74.65
2023-04-05,182.3,74.62
2023-04-06,183.28,74.65
2023-04-10,182.98,74.84
2023-04-11,182.54,75.09
2023-04-12,181.6,74.62
2023-04-13,184.65,75.48
2023-04-14,184.51,75.33
2023-04-17,184.89,75.66
2023-04-18,185.0,75.77
2023-04-19,185.03,75.67
2023-04-20,183.67,75.05
2023-04-21,183.97,75.2
2023-04-24,183.98,75.26
2023-04-25,181.23,74.11
2023-04-26,181.01,73.43
2023-04-27,185.09,74.61
2023-04-28,186.39,75.33
2023-05-01,186.31,75.37
2023-05-02,184.43,74.34
2023-05-03,183.09,73.58
2023-05-04,181.8,72.98
2023-05-05,185.35,74.2
2023-05-08,185.61,74.19
2023-05-09,184.65,73.84
2023-05-10,185.66,73.83
2023-05-11,185.85,73.64
2023-05-12,185.51,73.45
2023-05-15,185.8,73.65
2023-05-16,185.33,73.03
2023-05-17,187.62,73.93
2023-05-18,189.5,74.53
2023-05-19,189.26,74.42
2023-05-22,189.27,74.36
2023-05-23,187.41,73.86
2023-05-24,186.37,73.13
2023-05-25,188.83,73.3
2023-05-26,191.71,74.29
2023-05-30,192.02,74.17
2023-05-31,191.11,73.89
2023-06-01,193.04,74.35
2023-06-02,195.39,75.61
2023-06-05,195.06,75.39
2023-06-06,195.35,75.71
2023-06-07,193.83,75.88
2023-06-08,195.41,76.3
2023-06-09,195.92,76.4
2023-06-12,198.04,76.94
2023-06-13,199.14,77.38
2023-06-14,199.56,77.37
2023-06-15,202.13,78.47
2023-06-16,201.2,78.37
2023-06-20,200.57,77.65
2023-06-21,199.12,77.28
2023-06-22,200.39,77.08
2023-06-23,198.85,76.53
2023-06-26,197.17,76.59
2023-06-27,199.27,77.17
2023-06-28,199.37,77.06
2023-06-29,200.04,77.58
2023-06-30,202.57,78.33
2023-07-03,202.95,78.62
2023-07-05,202.88,78.49
2023-07-06,201.23,77.65
2023-07-07,200.5,77.52
2023-07-10,200.11,77.83
2023-07-11,201.26,78.65
2023-07-12,203.13,79.11
2023-07-13,205.12,79.56
2023-07-14,205.23,79.13
2023-07-17,205.92,79.1
2023-07-18,207.72,79.83
2023-07-19,208.2,80.28
2023-07-20,206.28,80.35
2023-07-21,206.16,80.6
2023-07-24,207.26,80.97
2023-07-25,207.75,80.84
2023-07-26,207.72,80.98
2023-07-27,206.72,80.65
2023-07-28,209.1,81.09
2023-07-31,209.56,81.18
2023-08-01,208.86,81.12
2023-08-02,205.6,80.4
2023-08-03,205.08,79.93
2023-08-04,204.35,79.61
2023-08-07,206.09,80.5
2023-08-08,205.56,80.17
2023-08-09,203.46,79.74
2023-08-10,203.68,79.82
2023-08-11,203.56,79.8
2023-08-14,205.14,79.98
2023-08-15,202.86,79.03
2023-08-16,201.15,78.45
2023-08-17,199.72,77.94
2023-08-18,199.66,77.93
2023-08-21,201.47,78.11
2023-08-22,200.88,77.7
2023-08-23,203.41,78.27
2023-08-24,200.2,77.51
2023-08-25,201.74,77.93
2023-08-28,202.91,78.46
2023-08-29,206.23,79.4
2023-08-30,207.1,79.51
2023-08-31,207.06,79.42
2023-09-01,207.08,79.5
2023-09-05,206.92,78.97
2023-09-06,204.9,78.61
2023-09-07,204.12,78.54
2023-09-08,204.73,78.61
2023-09-11,206.64,79.12
2023-09-12,205.15,79.05
2023-09-13,205.93,78.92
2023-09-14,207.53,79.76
2023-09-15,204.79,79.1
2023-09-18,204.97,78.96
2023-09-19,204.7,78.73
2023-09-20,202.18,78.28
2023-09-21,198.93,77.19
2023-09-22,198.39,76.67
2023-09-25,199.29,76.92
2023-09-26,196.3,75.94
2023-09-27,196.22,75.69
2023-09-28,197.23,76.06
2023-09-29,197.0,75.93
2023-10-02,197.82,75.38
2023-10-03,194.99,74.47
2023-10-04,196.57,74.79
2023-10-05,196.51,74.52
2023-10-06,198.95,75.21
2023-10-09,200.14,75.7
2023-10-10,200.91,76.3
2023-10-11,202.03,76.39
2023-10-12,201.22,75.81
2023-10-13,199.96,75.54
2023-10-16,201.92,76.45
2023-10-17,201.48,76.63
2023-10-18,198.89,75.61
2023-10-19,197.66,75.19
2023-10-20,195.26,74.41
2023-10-23,195.15,73.95
2023-10-24,196.87,74.6
2023-10-25,193.9,73.9
2023-10-26,190.65,73.33
2023-10-27,190.2,72.47
2023-10-30,193.01,73.46
2023-10-31,193.94,74.13
2023-11-01,196.48,74.64
2023-11-02,200.09,76.23
2023-11-03,201.58,77.07
2023-11-06,202.51,76.95
2023-11-07,203.44,76.79
2023-11-08,203.92,76.72
2023-11-09,202.15,75.92
2023-11-10,205.56,76.87
2023-11-13,205.37,76.81
2023-11-14,208.7,78.4
2023-11-15,209.21,78.9
2023-11-16,209.71,78.87
2023-11-17,209.66,79.1
2023-11-20,211.53,79.45
2023-11-21,210.87,79.31
2023-11-22,211.75,79.65
2023-11-24,211.47,79.78
2023-11-27,211.26,79.64
2023-11-28,211.65,79.74
2023-11-29,211.21,79.99
2023-11-30,211.71,80.59
2023-12-01,212.26,81.17
2023-12-04,210.64,81.1
2023-12-05,211.49,80.82
2023-12-06,210.4,80.66
2023-12-07,212.31,81.14
2023-12-08,213.44,81.47
2023-12-11,213.41,82.01
2023-12-12,214.56,82.22
2023-12-13,216.82,83.49
2023-12-14,217.03,84.23
2023-12-15,217.31,84.28
2023-12-18,218.95,84.26
2023-12-19,220.06,84.87
2023-12-20,217.09,83.48
2023-12-21,219.17,84.34
2023-12-22,219.24,84.51
2023-12-26,220.06,84.98
2023-12-27,220.4,85.18
2023-12-28,220.64,85.38
2023-12-29,219.99,85.07
2024-01-02,218.55,85.25
2024-01-03,217.18,84.63
2024-01-04,216.47,84.57
2024-01-05,216.73,84.78
2024-01-08,220.19,85.59
2024-01-09,219.99,85.23
2024-01-10,221.6,85.23
2024-01-11,221.38,85.04
2024-01-12,221.62,85.02
2024-01-16,220.96,84.63
2024-01-17,220.0,84.15
2024-01-18,222.01,84.4
2024-01-19,225.4,85.46
2024-01-22,225.41,85.53
2024-01-23,226.49,85.74
2024-01-24,227.28,85.56
2024-01-25,228.07,86.19
2024-01-26,227.82,86.3
2024-01-29,229.64,86.72
2024-01-30,229.18,87.02
2024-01-31,225.16,85.98
2024-02-01,227.92,86.76
2024-02-02,231.32,86.87
2024-02-05,231.02,86.4
2024-02-06,231.46,86.68
2024-02-07,233.56,87.05
2024-02-08,233.49,86.97
2024-02-09,235.05,87.12
2024-02-12,234.71,87.59
2024-02-13,231.69,86.36
2024-02-14,233.59,86.87
2024-02-15,234.53,87.81
2024-02-16,233.47,87.38
2024-02-20,231.91,87.24
2024-02-21,232.08,87.49
2024-02-22,237.78,88.55
2024-02-23,237.67,88.72
2024-02-26,236.67,88.28
2024-02-27,236.89,88.54
2024-02-28,236.27,88.52
2024-02-29,237.49,88.9
2024-03-01,239.85,89.48
2024-03-04,239.17,89.67
2024-03-05,236.48,89.3
2024-03-06,237.62,89.79
2024-03-07,240.08,90.31
2024-03-08,238.31,90.01
2024-03-11,237.94,90.19
2024-03-12,241.37,90.72
2024-03-13,240.83,90.83
2024-03-14,240.72,90.27
2024-03-15,238.5,89.89
2024-03-18,240.49,90.24
2024-03-19,241.94,90.75
2024-03-20,244.21,91.63
2024-03-21,244.34,91.97
2024-03-22,244.45,91.52
2024-03-25,243.68,91.42
2024-03-26,242.87,91.31
2024-03-27,244.63,92.32
2024-03-28,244.38,92.66
2024-04-01,244.07,92.18
2024-04-02,242.74,91.6
2024-04-03,242.81,91.5
2024-04-04,239.7,90.41
2024-04-05,242.35,91.13
2024-04-08,242.49,91.1
2024-04-09,242.47,91.24
2024-04-10,240.7,90.13
2024-04-11,243.37,90.24
2024-04-12,240.16,89.0
2024-04-15,236.94,88.35
2024-04-16,236.47,88.08
2024-04-17,235.01,88.05
2024-04-18,234.71,88.15
2024-04-19,231.81,88.32
2024-04-22,233.91,89.1
2024-04-23,237.01,89.85
2024-04-24,236.86,89.97
2024-04-25,235.42,89.42
2024-04-26,238.6,89.62
2024-04-29,239.13,90.12
2024-04-30,235.52,89.09
2024-05-01,234.57,88.65
2024-05-02,237.29,89.17
2024-05-03,240.76,89.78
2024-05-06,243.25,90.46
2024-05-07,243.4,90.62
2024-05-08,243.6,90.81
2024-05-09,244.45,91.32
2024-05-10,244.81,91.59
2024-05-13,245.14,91.63
2024-05-14,246.4,91.94
2024-05-15,249.52,92.63
2024-05-16,249.02,92.6
2024-05-17,249.32,92.81
2024-05-20,249.64,92.54
2024-05-21,250.52,92.61
2024-05-22,249.85,92.27
2024-05-23,248.47,91.14
2024-05-24,250.35,91.38
2024-05-28,251.43,90.93
2024-05-29,250.19,90.12
2024-05-30,247.53,90.27
2024-05-31,249.16,91.6
2024-06-03,250.25,91.25
2024-06-04,250.91,91.46
2024-06-05,254.34,91.83
2024-06-06,254.44,91.92
2024-06-07,254.41,91.98
2024-06-10,254.97,92.03
2024-06-11,256.26,91.43
2024-06-12,258.27,91.63
2024-06-13,259.52,91.45
2024-06-14,260.34,91.38
2024-06-17,262.31,92.02
2024-06-18,262.71,92.22
2024-06-20,261.74,92.58
2024-06-21,261.34,92.64
2024-06-24,259.88,93.09
2024-06-25,261.76,92.56
2024-06-26,262.98,92.61
2024-06-27,263.38,92.76
2024-06-28,261.7,92.75
2024-07-01,263.42,92.45
2024-07-02,265.32,92.92
2024-07-03,266.93,93.05
2024-07-05,269.23,93.29
2024-07-08,269.32,93.3
2024-07-09,269.84,93.34
2024-07-10,272.8,93.99
2024-07-11,268.51,94.31
2024-07-12,269.97,94.93
2024-07-15,270.86,95.13
2024-07-16,271.63,96.4
2024-07-17,267.47,96.5
2024-07-18,265.53,95.68
2024-07-19,263.36,94.84
2024-07-22,266.13,95.34
2024-07-23,266.16,94.96
2024-07-24,259.01,94.08
2024-07-25,257.32,93.97
2024-07-26,259.61,95.42
2024-07-29,259.85,95.46
2024-07-30,257.82,95.7
2024-07-31,262.6,96.43
2024-08-01,258.87,95.47
2024-08-02,254.17,93.77
2024-08-05,246.3,91.35
2024-08-06,247.94,92.09
2024-08-07,246.26,91.51
2024-08-08,252.12,93.23
2024-08-09,253.54,93.38
2024-08-12,254.04,92.87
2024-08-13,258.95,94.35
2024-08-14,259.95,94.65
2024-08-15,264.77,95.94
2024-08-16,265.48,96.24
2024-08-19,268.3,97.05
2024-08-20,267.93,96.8
2024-08-21,268.64,97.19
2024-08-22,266.16,96.89
2024-08-23,268.45,97.85
2024-08-26,268.1,98.06
2024-08-27,268.42,98.12
2024-08-28,266.58,97.7
2024-08-29,266.07,98.15
2024-08-30,268.57,98.98
2024-09-03,262.5,97.85
2024-09-04,262.07,97.83
2024-09-05,261.74,97.31
2024-09-06,256.89,96.05
2024-09-09,259.59,97.15
2024-09-10,261.12,97.28
2024-09-11,264.52,97.4
2024-09-12,267.19,97.94
2024-09-13,268.23,98.48
2024-09-16,268.05,99.19
2024-09-17,268.07,99.12
2024-09-18,267.39,98.76
2024-09-19,272.28,100.04
2024-09-20,271.78,99.74
2024-09-23,272.46,100.18
2024-09-24,273.39,100.14
2024-09-25,273.21,99.69
2024-09-26,274.17,100.41
2024-09-27,273.49,100.62
2024-09-30,274.87,100.91
2024-10-01,271.81,100.32
2024-10-02,271.79,100.19
2024-10-03,271.75,99.82
2024-10-04,274.44,100.84
2024-10-07,271.78,100.09
2024-10-08,275.08,100.52
2024-10-09,276.8,101.4
2024-10-10,276.46,100.97
2024-10-11,277.47,101.79
2024-10-14,279.7,102.33
2024-10-15,277.54,102.12
2024-10-16,278.65,102.65
2024-10-17,278.92,102.64
2024-10-18,280.14,102.82
2024-10-21,280.35,102.12
2024-10-22,280.89,102.15
2024-10-23,277.57,101.71
2024-10-24,278.49,101.69
2024-10-25,278.83,101.13
2024-10-28,279.66,101.75
2024-10-29,280.47,101.29
2024-10-30,279.45,100.89
2024-10-31,273.12,100.29
2024-11-01,274.95,100.56
2024-11-04,273.9,100.23
2024-11-05,276.79,101.35
2024-11-06,284.24,103.99
2024-11-07,287.13,103.9
2024-11-08,287.92,104.55
2024-11-11,287.6,105.22
2024-11-12,287.22,104.39
2024-11-13,287.55,104.62
2024-11-14,285.76,103.97
2024-11-15,281.62,103.17
2024-11-18,282.67,103.69
2024-11-19,284.32,103.49
2024-11-20,284.08,103.2
2024-11-21,284.51,104.04
2024-11-22,284.92,105.08
2024-11-25,285.39,105.7
2024-11-26,287.25,105.82
2024-11-27,286.49,105.74
2024-11-29,288.17,106.23
2024-12-02,289.68,105.82
2024-12-03,290.38,105.23
2024-12-04,292.79,105.47
2024-12-05,293.05,105.34
2024-12-06,293.92,105.48
2024-12-09,292.56,104.53
2024-12-10,292.11,104.39
2024-12-11,295.32,104.49
2024-12-12,293.61,104.04
2024-12-13,294.0,103.98
2024-12-16,296.07,103.88
2024-12-17,295.29,103.39
2024-12-18,286.5,100.79
2024-12-19,287.16,100.47
2024-12-20,289.91,101.23
2024-12-23,292.33,101.85
2024-12-24,296.24,102.8
2024-12-26,295.82,103.0
2024-12-27,292.62,102.4
2024-12-30,289.2,101.21
2024-12-31,287.61,101.33
